subject,count
'I' magazine,9
'I' tank,3
'I' Tower,5
'Oklahoma',15
'Pogo' - Campaign for class officer and U.S. president,3
13 Rue De L'Amour,3
911 Emergency System,2
A.S.U.I. - supplied typewriters,4
"Abbey, Edward",2
"Abbott, Robert",3
Absentee rulings,13
Academic Council,8
Academic Hearing board,3
Academic rules,3
Academic standards,3
Academic year,5
Accidents,3
Accreditation,9
Accreditation-Northwest Association of Secondary and Higher Schools,3
A Child's Christmas' - Pre-archeries program,3
Achilles Club,4
"Activities, limits on",7
Activities (Campus),4
Activities-Grade point requirement,5
Activities placement cards,2
Activities point system (Sponsored by AWS Mortar Board),3
"Acuff, Earl",4
"Adams, William Herbert (Berb)",2
"Adamson, Bob",2
ADD (Mother Against Drunk Driving),2
"Adkins, Cyril",2
"Adkinson, J. Loyal",2
Administration building (1892-1906),11
Administration building (1907-,65
Administrative council,2
Admission requirements and regulations,20
Adult education,5
Adventure education facility,2
Advertising club,4
Affirmative action,3
African Students Association,2
Ag Bawl,10
Ag Bawl and Ag/Foresters Tug of War,2
Ag Day,5
Aggie Days,4
"Agricultural Economics and Applied statistics, Dept. of",2
"Agricultural Engineering, Dept. of",4
Agricultural Engineering building,3
"Agricultural Extension conference, UI",4
"Agricultural Extension Service, UI",2
Agricultural Research,2
Agricultural Science building,7
Agricultural Science day,12
Agriculture Chautauqua (Movable school),2
Agriculture Club,13
Agriculture experiment station,13
Agriculture Judging Team,4
Agriculture short courses,2
AIDS Awareness,6
AIME,2
Air Corps,2
Air course begins,2
Air Force ROTC,58
Air Force ROTC - Angel flight,6
Air Force ROTC - Awards,2
Air Force ROTC - Cadet commissions,2
Air Force ROTC - Drill Team,2
Air Force ROTC - Rifle Team,4
"Akkerman, Evelyn",2
Alcohol,43
Alcohol Awareness week,9
Alcohol Committee,2
Alcohol consumption - ASUI - Kibbie Dome,2
Alcohol consumption - Students,7
Alcohol policy,14
"Aldrich, John Merton",2
"Aldrich, Larry",5
"Aldridge, Bob",2
"Aler, Dr. Mortimer",3
Al Hirt concert and navy ball,3
All engineer's day,8
"Alley, Margaret",3
"Alley, Ralph M.",13
All girl singing orchestra,10
Alliance for progress,6
All Idaho week,2
All University Day,23
Alma Mater,2
"Almquist, John A.",4
Almquist lecture,4
Alpha Chi Omega,11
Alpha Delta Pi Sorority,2
Alpha Epsilon Delta,13
Alpha Epsilon RHO,2
Alpha Gamma Delta,8
Alpha Kappa Epsilon,2
Alpha Kappa Lambda,4
Alpha Kappa PSI,12
Alpha Lambda Delta,20
Alpha Phi,3
Alpha Phi Omega,21
Alpha Tau Omega,25
Alpha Tau Omega esquire girl,18
Alpha Theta,2
Alpha Xi Delta,2
Alpha Zeta,32
Alternatives to violence,4
Alumni,24
"Alumni, The Idaho",2
Alumni Association,15
Alumni Board,2
Alumni day,4
Alumni hall of fame,2
Alumni Office,4
Alumni reunion,5
Alumni secretary,2
Alumni - Sons and daughters who come to Idaho,3
"Alvord, Nan",2
American Association of University Professors,20
American Association of University Women,6
American Association of University Women (AAUW),4
American Chemical Society,3
American Civil Liberty Union (ACLU),2
American Federation of Teachers,3
American Festival Ballet,17
American Forest week,6
American Institute of Architects,2
American Institute of Chemical Engineers,2
American Institute of Electronic Engineers,13
American Society for Engineering Education,3
American Society for public Administration,2
American Society of Agricultural Engineering,8
American Society of Civil Engineers,6
American Society of Mechanical Engineers,9
American Student Public Relation Association,2
"Ames, William",2
Amnesty International,8
Amphictyon Society,9
Amython (Poetry supplement),6
"Anderson, Betty",3
"Anderson, Clark",2
"Anderson, Don",2
"Anderson, Dr. Alfred L.",6
"Anderson, Jack",5
"Anderson, Jesse",4
"Anderson, Milo",2
"Anderson, Otto",6
"Anderson, Scott",2
"Anderson, Wayne",9
Anderson Lee,7
Andora,4
"Andros, Dee",7
"Andrson, Merlyn",2
"Andrus, Cecil",4
"Andrus, Cecil D.",3
Angel flight,6
"Angell, Martin Fuller",5
Angel Street,4
"Animal Husbandry, Dept. of",23
Animal rights,2
Annual journalism conference,42
"Anthropology, Dept of",2
Anthropology lab,3
Appaloosa horses,3
Apple polishing,6
Appropriations,4
Aquaculture lab,5
Arboretum,21
Arboretum - (Shattuck Arboretum addition),3
Archery,2
Archery club,4
"Architecture, Dept of",5
"Archley, Chan",3
"Archley, Lon",2
"Archley, Trenna",2
Argonaut,26
"Ariyoshi, Hiroyuki",2
Armed Forces day,6
Armed Forces parade,2
"Armory building, proposed",3
"Armour, Richard",4
"Arms, Shull",2
Arms and the Man (George Bernard Shaw),2
"Armstrong, Clara",9
"Armstrong, Clara (Mrs. Joseph G. Manko)",4
"Armstrong, Louis",3
"Armstrong, Terry",9
"Armstrong, William (Bill)",3
Army Engineers,2
Army ROTC,89
"Arndt, Dick",2
Arnold Air Society,22
"Art, Department of",4
"Art and Architecture, Building",7
"Art and Architecture, Building (New)",2
"Art and Architecture, College of",11
"Art and Architecture, Dept. of",3
Art auction,4
Art building,3
"Art contest, student",9
Art exhibit,25
Art exhibits,20
Art - Festival,7
Art galleries - Ridenbaugh hall,5
Art galleries - Ridenbaugh music annex,5
"Artis, Andy",2
"Arts, College of",3
Aryan Nations church in Idaho,2
Asbestos abatement,3
Asbestos repairs to buildings on campus,4
"Aschbenrenner, Rudy",2
"Ash, William",2
ASME,11
Asphalt conference (Idaho),2
Assault on students,5
ASSAY building and Mining laboratory,5
Assembly programs,10
Associated Foresters,16
Associated Miners of,9
Associated student body presidents,2
Associated Student Governments of the U.S.A.,5
Associated Students of Idaho,19
Associated Women Students,163
ASUI,76
ASUI-activities council,14
ASUI-activities council-Region 11 conference,2
ASUI-activity awards,7
ASUI-Attorney General,3
ASUI-Audit report,2
ASUI-Bookstore,3
ASUI-Budget,74
ASUI-Candidates,7
ASUI-Card system,2
ASUI-Committee,19
ASUI-Committees,3
ASUI-Communications Board,8
ASUI-Constitution,14
ASUI-Constitution-Amendments and Revision,51
ASUI-Coordination council,3
ASUI - Departments,2
ASUI-Election Board,6
ASUI-Election procedure,6
ASUI-Elections,289
ASUI-Entertainment Committee,10
ASUI-Executive Board,225
ASUI-Finances,2
ASUI-Financial report,50
ASUI-General Operating Budget,2
ASUI-handbook,2
ASUI lobbyist,11
ASUI-Meetings (better meetings on campus),10
ASUI-News student leaders,2
ASUI-Officers,27
ASUI-Organization proposal (Adopted),6
ASUI play,9
ASUI-Political concern committee,10
ASUI-Productions,20
ASUI-Program director,2
ASUI-Programs Department,3
ASUI-Publication board,2
ASUI-Senate,233
ASUI-Senators,9
ASUI-Services,2
ASUI-Social coordination council,2
ASUI-Structural changes,6
ASUI-Student judicial council,4
"Athletic, Intramural",2
Athletic association,5
Athletic Awards,14
Athletic Ball,7
Athletic Board,13
Athletic conference,12
Athletic Dept.,2
Athletic director,4
"Athletic faculty, proposed",4
Athletic field,10
Athletic field house,2
Athletic finances,2
Athletic managers,7
Athletic of the Year (Picked by the Argonaut),7
Athletic program,3
Athletics,61
"Athletics, Dept of",6
"Athletics, Outstanding senior in (Idahonian Award)",2
"Athletics, summary of year's",6
Athletic show,2
A Thurber Carnival',3
"Atkinson, Charles 'Chick'",6
Atomic Energy Conference,2
Attempt to move university,2
Attic club,24
Audio-visual aids,5
Audio-visual center,2
Audit - by Idaho State Board of Education,2
Auditorium chamber music series,3
"August, Joey",3
"August, Louis",11
"Aumann, Dr. George",2
Automobiles (Regulations of student's),3
Automobile stickers,2
"Avery, Janice",2
"Avery, S.",2
Awards assembly,5
AWS,2
"Axtell, Harold L.",2
"Ayers, Dean",3
Baccalaureate exercises,4
"Bacteriology, Dept. of",3
"Badeau, John S.",4
"Baden, W.W.",2
bad water,5
"Bahr, John",4
"Bahr, Vernon",5
"Baker, Dr. G, Orien",2
"Baker, William H.",2
"Bakes, Bob",9
"Bales, Nathelle",2
Ballet folk,33
Ballet Russe de Monte Carlo,3
"Ballew, George",3
Banana Belt Tournament,3
"Band, ROTC regimental",2
Band day,2
"Banerjee, Dr. Pumedu Kumar",3
"Bank, Paul (Ted)",23
"Banks, John V.",3
Banned books week,2
Barbecues,4
"Barber, J.W.",2
"Barber, Warren",2
"Barker, John",2
"Barnes, Jim",3
"Barnes, Merril",3
"Barnes, Orville",2
"Barnhart, Dr. John Love",2
"Barr, Stringfellow",2
"Barrett, Afton",5
"Barrett, Brendon",4
"Barrett, Kenneth",3
"Bartlett, Patty",3
"Barton, Ed",3
"Barton, J.W.",8
Baseball,746
"Baseball, intramural",23
"Baseball, team",4
Baseball club,40
Baseball Dope (Title of a column)`,4
Basketball,1486
"Basketball, girls",3
"Basketball, Women's",273
Basketball coach,8
Basketball scandal,3
"Bates, Tom",4
"Bauer, LeRoy",3
"Baumgardner, Carl A.",4
"Bauscher, Bill",10
"Baxter, Bill",3
"Baxter, Iain",3
Bayanihan Philippine Dance Company Community concert,2
"Bayh, Birch",2
"Bayne, Rt. Rev. Stephen F.",2
"Beattie, Arthur H.",4
"Becher, Edmund",3
"Bechtholdt, Nancy",2
"Becker, Ann",2
"Beckman, Alvin",2
"Beckstead, Donald O.",2
"Bedke, Ernie",2
"Beecher, Alvan A.",2
"Beguhl, Marvin",2
"Beitelspacher, Ron",2
"Beitz, William",2
"Belko, Steve",18
"Bell, George M.",2
"Bell, Lavern",2
"Bell, Roy",2
"Bell, Terrell",3
"Bell, Thomas O.",4
"Bellinger, Dr. Gladys I.",2
"Bellis, Warren",4
"Belnap, Bill",3
Bench and Bar,17
"Benfer, Nancy",11
"Bennett, Lowry",2
"Benoit, Julian (Bud)",4
"Benson, Betty",5
"Berg, Alfred (Ap)",4
"Berg, Chris",2
"Berg, Howard",2
"Berg, Paul",5
"Berggren, Eric",8
"Berrong, Tommy",2
"Berry, Ann Marie",3
"Berry, Joe",3
"Berry, Ray M.",2
"Bessler, William",3
Best Personal Library contest,2
Beta Chi,3
Beta Theta Pi,17
"Betts, Edith",2
"Bevan, Roland C.",2
"Bevington, Frank",4
"Biafra, Jello",2
Bible Study Institute,3
Bicycle race,4
Bicycles,24
"Biggs, E. Power",2
"Biggs, Scott",6
Big Sky All Conference - Basketball team,2
Big Sky Conference,22
"Billingsley, William A.",5
Billy Budd (Play),2
"Biology, Department of",2
Biology Club,2
"Bittenbeder, Karl",5
"Bittner, Ray",4
"Black, John",2
Black Athletes,2
"Blackstone, Bruce I.",3
Black Students,6
Black Student Union,2
Black studies,5
"Blaine, Charlie R.",2
"Blanchard, Fred",3
"Blank, Robert H.",4
"Blanton, Joseph Philip",10
"Bleamaster, W.C.",6
"Blewett, Aaron E.",4
"Blick, Shirley",2
"Block, King",3
Block and Bridle club,3
"Blomquist, F.L.",2
"Blood, Joanna",3
Blood drive,96
BLOT,19
"Blotner, Joseph L.",3
Blue Bucket,18
Blue Bucket Inn,6
Blue key,33
"Blue key - Initiates, Tapping",23
Blue key - Kampus kleanup,2
Blue Key -Talent show,92
Blue Mountain Rock Festival,22
Board and Room reduction,2
Board of selection and control,3
"Bobsledding, Olympic",2
"Boekel, William",2
"Bohman, Willis (hands)",3
Boise Club,3
Boise College,3
Boise Special,5
"Bollinger, Anne",5
Bomb threats,8
"Bond, Charles",2
Bonded Indebtedness,6
"Book, James L.",2
Book Exchange,23
"Bookstore, Student",50
"Bookstore, Students Co-op",6
"Boone, Lalia",3
"Boosters, and Booster day of the",4
"Bopp, Earl",2
"Borah, William E.",15
Borah Conference,56
Borah Debate,3
Borah Debate prize,4
Borah Foundation,13
Borah Outlawry of War Foundation,8
Borah Symposium,102
"Borley, Lester",2
"Borning, Bernard C.",6
"Botany, Department of",2
"Bottolfsen, C.A.",2
"Bowers, Dr. Alfred",3
"Bowie, Dr. Robert R.",4
Bowling,22
"Bowling, Intramural",8
"Bowling, Women's",12
Bowling team,23
"Bown, Raymond",2
Boxing,166
"Boxing, Intramural",5
Boxing Plaque,2
"Boyd, Harold",2
"Boyer, William H.",2
"Boyle, L.J. (Packey)",4
"Bozeman, Carl Scott",4
"Bradbury, Rich",3
"Braden, Ron",3
"Brailsford, William",2
"Branen, A. Larry",2
"Brannon, Dr. Melvin Amos",7
"Brassey, Mike",2
"Bratton, Rufus",2
"Braxton, Rachael",4
"Brede, Ruth Irene",3
"Bresheats, Bunt",4
"Bretteville, Sheila Lavrant",2
Bridge tournament,33
"Brigham, Mr. and Mrs. J.W.",3
"Brimhall, Maurice",4
"Brimhall, Preston",2
"Brink, Carol",3
Broadway (George Abbott),2
"Brockelbank, William J.",10
"Brockman, Bruce",2
"Brose, Denise",5
"Brosnan, C.J.",7
"Brown, Charlie",2
"Brown, Darwin",2
"Brown, Dorothy",2
"Brown, Dr. Horace H.",2
"Brown, Frank (Bebe)",3
"Brown, J.A. (Bebe)",7
"Brown, Jerry",3
"Brown, John",3
"Brown, John Mason",3
"Brown, Karen",2
"Brown, Stanley",4
"Browne, Mike",2
"Broyles, Donna Jean",2
"Brubeck, Dave",5
"Bruneel, Tire Warehouse Fire",2
"Bryan, William C.",2
"Buchanan, Jesse E.",37
"Buchanan, T.S.",2
"Buck, Philip W.",2
Buckle-up week',2
"Bucklin, Ted",3
Budget -,19
Budget cutback,3
Budget-Idaho legislature 'Bonded debt',2
Budget-Idaho legislature allowance to,41
Budget request to board of regents,2
Budget - - Request to legislature,3
Budget - State,6
Budget - State Funding formula,2
"Buhler, Jay",14
Building Fund proposal,3
Building needs,3
Building program,23
Buildings and grounds,27
"Bukvich, Dan",2
"Bullard, Ervin T.",2
"Bullock, Earl",3
"Buratto, Stan",2
"Buratto, Steve",3
"Burcaw, G. Ellis",2
"Burchard, Dr. John E.",2
Bureau of Mines,2
"Burgher, Darwin",12
"Burk, Amanda",2
"Burleigh, Thomas",2
"Burlingame, Mildred",3
"Burnett, Captain Henry H.",4
Burning Stake' coffee house,4
"Burns, Nancy",4
"Burns, Robert",3
"Burrows, Fred",7
"Burt, Carl",3
"Burton, Philip",2
"Bus, Idaho's Silver and Gold",3
"Bush, Colann (Corky)",6
"Bush, Kenneth A.",3
"Bush, Pate",2
"Business Administration, College of",17
"Business and Economics, College of",9
Business Incubator,7
Business Symposium,4
Bus system,4
Butch' WSC mascot,3
"Butler, Paul",3
"Butler, Richard",4
"Buxton, Kenneth",3
"Byers, Roland O.",5
"Byrne, Shirley",3
Cabaret,3
"Caccia, Italo 'Babe'",2
"Cadets, Battalion of",37
"Cady, L.C.",3
"Caldwell, Dr. Harry",10
"Calendar Committee, Social",2
Calendar Girl contest,5
"Calland, Leo (Lucky)",28
"Cameron, Victor F. (Vic)",3
"Cammack, Frank",2
"Campbell, Howard (Drom)",4
"Campbell, Janet",7
"Campbell, Jerry",2
"Campbell, Marguerite",2
"Campbell, Marguerite Allen",2
"Campbell, Robert (Bob)",2
"Campbell, William",2
"Campus, views of",11
Campus Affairs Committee,2
Campus Beautification project,6
Campus carnival,12
Campus chest,103
Campus chest - Division of funds,10
Campus Christian Center,7
Campus club,20
Campus club fire,4
Campus Crusade for Christ,2
Campus Day,46
Campus Democrats,2
Campus hour,2
Campus landmarks,7
Campus liberal party,3
Campus life highlights,5
Campus lighting,20
Campus news. Communication department. Newspaper,5
Campus planning,3
Campus planning Committee,8
Campus representative party,3
Campus safety,3
Campus shooting,11
Campus street closure,8
Campus street modification,8
Campus streets paved,3
Campus thefts,2
Campus traffic,4
Campus traffic laws and regulations,6
Campus Union party,45
Campus Water system,4
Canadian Colleges and Universities,3
"Canine, Herbert",2
Cannon - University of Idaho,4
Canoe race,2
Canterbury club,2
Canterbury House,5
Car Accidents,2
"Carbaugh, Bill",2
"Carder, William (Wild Bill)",3
Cardinal Key,9
"Card section, football",4
Career planning and placement center,16
Career Service center,7
Carillon,2
"Carlisle, Dale",8
"Carlman, Bob",4
"Carlson, Harold",2
"Carlson, Herb",11
"Carlyle, W.L.",3
"Carnahan, Marvin",2
"Carolan, Reg",5
"Carr, June",2
"Carter, Dorothy",4
"Carter, I.N.",3
"Carter, Louise",5
"Carter, Sherman F.",3
Caucasion Chalk Circle (Play),3
Cavani String quartet,2
"Cecil, Roger",2
Cecillian Society,3
Censorship,2
Centennial celebration -,31
Centennial celebration Contributions,3
Centennial project,7
Center for Business Development and Research,2
Central America Week,2
Central Placement Service,6
Century Club,4
"Chadband, Jim",3
"Chamberlain, Lawrence H.",3
Chamber Music Series,7
Chancellor system,5
"Chandler, Jerry",3
"Chandran, Fair",2
"Chapman, Donna",2
"Chapman, Lamar",2
Charity fund raising,3
"Charlesworth, Bill",3
"Charpe, George",2
"Chase, Bill",3
"Chaves, Edmund",6
Cheating,10
Cheer leaders,10
Chemical club,2
"Chemistry, Department of",4
Chemistry -research,4
"Chenoweth, Curtis Worth",6
"Cherrington, Virgil",2
Chess club,5
"Chester, Gordon",3
Chi Alpha Phi,2
Chi Beta Epsilon,3
Child care services,4
"Childers, L.F.",2
Child guidance clinic,2
"Chimes, Attempt to secure",3
"Ching, Yu",2
Chocolate cake - Play,2
Chord-O-Roy,2
"Choules, Bill",5
"Chrisman, Edward R.",13
Chrisman Hall,6
Chrisman Raiders,2
"Christensen, John",2
"Christian, Glenn",6
"Christie, Emily",2
Christmas break controversy,2
Christmas Carol sing on campus,8
"Church, Frederick C.",4
"Church, Larry",3
"Church, Sen. Frank",24
Church of Jesus Christ Christians,3
"Cipriano, Joe",3
Citizenship Clearing House,19
City of Moscow,4
City of Moscow businesses,17
City of Moscow historic buildings,2
City of Moscow - prices,4
City of Moscow - streets,3
City of Moscow - weather,6
Civil defense,4
Civil Engineering Department,3
"Clark, Dale",2
"Clark, Emerson",2
"Clark, Gov. Barzilla W.",2
"Clarke, Arthur C.",2
Classes offered,2
Class of 1901,4
Class of 1905,2
Class of 1906,6
Class of 1907,5
Class of 1908,4
Class of 1909,3
Class of 1910,4
Class of 1911,4
Class of 1912,4
Class of 1913,5
Class of 1914,3
Class of 1915,4
Class of 1916,5
Class of 1917,3
Class of 1918,4
Class of 1919,4
Class of 1920,3
Class of 1921,2
Class of 1922,2
Class of 1923,2
Class of 1924,5
Class of 1925,7
Class of 1926,7
Class of 1927,6
Class of 1928,4
Class of 1929,5
Class of 1931,5
Class of 1932,4
Class of 1934,4
Class of 1935,2
Class of 1936,4
Class of 1937,4
Class of 1938,4
Class of 1939,4
Class of 1940,3
Class of 1950,2
Class offerings,2
Class officer elections,3
Class officers,78
"Claus, Carl",9
Clean-up week,6
"Cleaver, Donald",2
"Clement, Dr. Willard K.",2
"Clements, Paul C.",3
"Clyde, Erlene",2
Coaches,5
Coalition Board,2
Coalition for Central America,2
"Cochereau, Pierre",2
"Coe, Charles Norton",4
Coed Capers,8
Coed Prom,2
Co-ed rifle team,2
Coed - Rules regulating conduct,11
"Coeds, Self government for",4
Coffee House - SAUI,3
"Cogswell, I.J.",3
"College Bowl, Intercollegiate Team",2
"College Bowl, Intramural",15
College Bowl' television show,13
College Bowl Team,20
"College Bowl Tournament, UI",3
College - Business Symposium,3
College of Agriculture,5
College of Agriculture - Cooperative extension,3
College of Agriculture - Extension work,10
College of Agriculture - Staff,3
College of Education,14
College of Engineering,18
College of Forestry,5
"College of Forestry, Wildlife and Range Science",7
College of Law,52
College of Letters and Science,7
College of Mines,29
College of Mines and Earth Resources,16
College Republican National Committee,2
College Republicans,3
College Work Study,3
"Collette, Jean",4
Collette Theatre,3
Collette Theatre productions,7
"Collins, Bonese",3
"Collins, Dr. Richard",2
"Collins, Milford (Miff)",2
"Colquitt, Ray",4
"Commager, Henry Steele",3
Commencement,26
Commencement calendar,5
Commencement exercises,23
Commencement - number graduating,15
Commencement speaker,2
Commencement speakers,11
Commencement speakers and Guests,4
Commencement week - schedule,25
Committee for Student Rights,2
Committee for the Peaceful Solution of World Conflicts,6
"Committee of 1,000 - Student for a Brighter Idaho future",3
Committees - 'card file' plan of selecting persons for ASUI activity committees,2
"Communication, School of (Department of)",7
Communications Department,4
Computer,2
Computer center,5
Computer chips,3
Computer crime - UI,5
Computer laboratory,3
Computers,3
"Computer sciences, Department of",7
Computer Services,5
Computer Store,2
Computer viruses,2
Concert - and W.S.U. (Jointly sponsored),3
Concert honoring president and Mrs. D.R. Theophilus,2
Concerts,8
Conference on music education,3
"Conley, Cort",3
"Conniff, Ray",7
Consensual relationship policy,4
Construction of new water tank,3
Construction of student housing,4
Continuing education,14
Convocation,5
"Cook, earl Ferguson",7
"Cooksey, John",3
"Cooley, James H.",2
"Coombs, Don",2
"Coonrad, Robert W.",4
Co-op (New),2
Co-operatives,6
"Copeman, Jennifer",2
"Corbett, Jim",2
"Cordier, Andrew W.",2
"Cordon, Doug",2
Core curriculum,15
"Corless, Howard",2
"Cosby, Bill",2
Cosmopolitan Club,52
Countdown on marriage,2
Course offerings,2
Courses in religion,2
"Cowin, Cleon C.",2
Cowpokes Ball,3
"Cox, Evelyn",2
"Cox, Ray",3
"Crabtree, Caroline E.",3
"Craig, Knox",2
"Craig, Larry",11
"Cramer, Harold C.",4
"Cramer, John",3
"Crane, Irene",2
"Crang, Sherrie",3
"Crawford, Don",2
"Crawford, Ivan C.",12
Credit hours,2
Credit requirements,3
"Credit Union, Student",5
Crime,195
"Crime of the heat, Beth Henley",2
Criminal justice program,2
Crippled Children's benefit dance,6
Critical program appropriation to insure accreditation),2
"Cross, Bert",2
Cross-Campus alliance party (C-Cap),14
Cross country club,2
Cross country skiing,3
"Crrokham, Judy",6
Crusade for Freedom,3
Cryano De Bergerac,3
"Culp, Clyde",2
Cultural diversity week,3
"Cummingham, Edward",2
"Cummings, Carleton",2
"Curfman, R.A. (Babe)",7
Curriculum,7
Curtain Club,4
"Curtis, Bob",2
"Cushman, Harriett E.",2
"Cushman, John H.",5
"D'Alessio, Charles",3
Dad's day,81
Dad's day (Father's day)`,7
Dad's day (Parent's day)`,9
Dad's day prizes,2
Dad's day - Quartet concert,3
Dad's weekend,2
Dad of the year,3
"Dafoe, George",2
Dairy Bar,4
Dairy Barns,2
"Dairy husbandry, Department of",4
Dairy Judging team,7
"Dairy Science, Department of",5
Dairy Science building,7
Dairy Science building-New,4
Dairy Science - short course,2
Dairy short course,2
"Dakin, Ed",2
"Dale, Harrison C.",42
Dames Club,15
Dance,8
Dance festivals,2
Dance - Northwest District Dance Symposium,5
Dance theater,9
Daniel Boone,4
Danish National Gymnasts,3
"Darnell, Dick",2
"Darwin, Shelia",2
Date rape,4
"Daubenmire, Rehford",4
"Davey, Harry",4
"David, Dean Donald K.",4
"David, Donald",7
"David, Homer",2
"David, Howard J.",2
"David, Kristin",3
David Memorial Carillon,4
"Davis, Dan",2
"Davis, Kermit",2
"Davis, Lon",2
"Davis, Ray",2
"Davis, Robert McNair",2
"Davis, Terrell",2
"Davis, Tine W.",2
"Davis, Wayne",2
"Davison, Gifford (Giff)",3
"Davitch, Jerry",4
"Day, Jerome J.",3
"Day, Samuel H., Jr.",2
Day Care center,10
Dean of women,2
Death of a Salesman,2
Debate,83
"Debate, inter-society",2
"Debate, Intramural",39
"Debate, Men's Intramural",14
"Debate, Presidential candidates",2
"Debate, Women's Intramural",18
"Debate - , WSC, Whitman",3
Debate - All Idaho speech tournament,6
Debate - at WestPoint Invitational meet,2
Debate - Ban on red China topic,2
Debate - Columbia Basin J.C. tournament,2
Debate - Columbia Valley Debate tournament,6
Debate council - Financial report,4
Debate council - Officers,4
Debate - Freshmen vs. Freshmen WSC,2
Debate - Great Western tournament,2
"Debate - Idaho, Oregon, Washington",4
Debate - Idaho All-State debate tournament,3
Debate - Inland Empire Debate tournament,18
Debate - Inland Empire Junior College Debate tournament,3
Debate - Intercollegiate Forensic League,2
Debate - Linfield College Annual meet,9
Debate - National discussion tape,2
Debate - National Tournament at West Point,3
Debate - Northwest Speech Tournament,3
Debate - Pacific Forensic League,2
Debate - Pacific Forensic League meets,8
Debate - Political,6
Debate - Preparatory School,2
Debate team,39
Debate -Tri-State debate tournament,2
"Debate - Varsity team, WSC, Montana State University",4
Debate - Victor price society,5
Debate - vs. British Columbia,2
Debate - vs. Cambridge University,3
Debate - vs. Gonzaga,12
Debate - vs. Marquette University,2
Debate - vs. Montana State University,7
Debate - vs. Montana University,2
Debate - vs. O A C,2
Debate - vs. Oxford,3
Debate - vs. Oxford University,3
Debate - vs. Pacific University,3
Debate - vs. University of California,3
Debate - vs. University of Oregon,9
Debate - vs. University of Southern California,3
Debate - vs. University of Utah,5
Debate - vs. University of Washington,8
Debate - vs. Utah Agricultural College,4
Debate - vs. Whitman,7
Debate - vs. WSC,13
Debate - Women - vs. OAC,2
Debate - Women - vs. WSC,2
"Debate - WSC, Whitman and Idaho",3
"Decker, Charles O.",3
Deer,2
Defense courses,2
"Degrees, putting husband though (PHT)",4
"Dehlinger, Bob",2
"DeLancey, Opal",2
"Delta, Gamma",14
Delta Chi,8
Delta Delta Delta,28
Delta Mu,2
Delta Mu Chi,3
Delta Sigma,4
Delta Sigma Phi,7
Delta Sigma Phi dream girl,19
Delta Sigma Rho,7
Delta Tau Delta,13
"Delvin, Clarence 'Devy'",2
"Dempsey, Carolyn A.",2
"Dempsey, Martha Sue",2
"Denny, Dick",7
"Denton, Louie",3
Department of English,7
Department of Geology,16
Department of History,4
Department of Home Economics,19
Department of Horticulture,2
Department of Journalism,13
Department of Mathematics,7
Department of Mechanical Engineering,7
Department of Mining,9
Department of Music,19
Department of Physical Education,10
Department of Physical Science,2
Department of Physics,7
Department of Poultry,5
Department of Psychology,3
Department of Sociology,2
Department of Veterinary Science,10
Department of Zoology,2
"Derr, Allen",3
"Deskines, Susan",2
Desperate hours,7
"Dewey, William C. Jr.",2
Dewey Memorial prize - Debate,7
"Dick, Kenneth A.",3
"Dickey, Eugene",4
"Dickinson, Sherman",2
"Diehl, Charles",4
"Diehl, Gordon",4
"Diehl, Jerry",3
"Diehl, Ted",6
Dietician,2
"Dietz, Norman and Sandra",3
"Dingle, Bertram",6
Diogenes Lantern,2
Dirt Fisherman (Band),2
Discrimination,5
Distribution of student,5
"Dixon, Darryl",2
"Dixon, Gary",3
"Dobbler, Clifford",2
"Dobratz, Patti Jo",4
"Dobson, Joe",6
"Doctorate degree, plan",2
Dogs,15
"Dole, Dorothy",3
"Doll, Gilbert",3
"Dollinger, Stewart",3
"Domestic Science department, University of Idaho",5
"Domino, Fats et al.",2
Don Juan in Hell,4
"Donovan, Jack",3
"Doohan, James ('Scotty' - Star Trek)",2
Dormitories,73
"Dotson, Frank B.",2
"Douglas, Senator Paul",2
"Douglas, Stephen",2
"Dowling, Walter C. (Ambassador)",2
Draft (Military),12
Drafting course for women,2
Draft registration,3
Drama,2
"Drama, (Productions)",7
"Dramatic, Department of",2
"Draper, Paul",2
"Dreeman, Dr. Peter K.",2
Drinker's bus,6
Drinking age - Idaho,20
Driver's education,3
Drop-out rate,2
Drugs,30
"Drummond, Robert",3
"Duffy, Bud",3
"Duffy, Darlene",2
"Duffy, Laura",2
"Duffy, Pat",4
"Duncombe, Sydney",4
"Dunn, Alfred",10
"Dunn, Kasey",4
"Durant, Verla (Mrs. Paul Ennis)",4
"Durham, Harold 'Bull'",4
"Dusault, Donald D.",2
"Dusault, Francis",4
"Dworshak, Senator Henry",3
"Dyer, John R.",3
"Dyrgall, Vic",4
"Dyrgall, Victor",3
Early Childhood Learning center,10
Earth Day,3
Easter service,2
"Easter service, inter-church",2
Easting disorders,3
"Easton, Stanley A.",4
"Eberhard, Milton",3
"Eby, Dr. Kermit",2
"Edmundson, Clarence (Heck)",17
"Educational field services, Department of Education",4
"Educational Improvement Committee, A.S.U.I.",6
Education - Financial and Informational report on education in the State of Idaho,2
"Edwards, Carolyn",2
"Edwards, Louis L. Jr.",2
"Edwards, Philip",2
"Ehrlich, Dr. John",2
"Eidam, George",10
"Eiden, Max",6
"Eimers, Richard",2
"Eimers, William",2
"Elder, Carolyn M.",3
"Eldridge, J.G.",10
Election board,5
Elections - city,2
Elections - National - Student voting,3
Elections - State,2
Electrical Engineering Department -,3
Electrical Engineering society,6
Electric Railway - City of Moscow,2
"Elegant, Robert S",2
Elephant Man - Play,2
"Elliot, Ed",2
"Ellis, Donald",4
Elm street school,2
El Salvador - Academic freedom,3
Empire' - Vandal mascot,3
Employees - University of Idaho,2
Engineering advisory council,2
Engineering building (New),4
Engineering building (Old),5
Engineering laboratory building,3
Engineering outreach program (Video outreach),3
Engineering students,2
Engineers ball,11
Engineers day,6
"English, Bill",2
English club - University of Idaho,18
English courses 103 and 104 - enrollment problems,2
Enlistment,3
"Ennis, Paul",3
Enrollment,161
Enrollment limitations,4
Entrance requirements,8
Environmental learning center (Moscow Public Schools),2
"Eoosevelt, Theodore",3
Epsilon Sigma Phi,4
"Erb, Charles E.",9
"Erdman, Virginia",2
"Erickson, Dennis",7
"Erickson, F.M.",2
"Erickson, Laune",2
"Erickson, Mrs. Elmer H.",2
"Eroschenko, Victor P.",2
"Erstad, Marge",3
"Eschevarria, Frank",4
Escort service,5
"Eshelman, Byron E.",2
ESTES vs. Shoup Case,11
European summer tours (for course credit),9
"Eustachy, Larry",3
"Evans, John",7
"Evans, Mary Ann",2
"Evans, Paul (chick)",2
"Evans, Sadie",2
"Everson, Jenny",2
Exchange program - Israeli good will visit,2
Exchange program - Students,5
Exchange students,20
Experiment station farm of UI,7
Experiment station land acquirement,2
Experiment stations - conference,3
"Experiment stations - Forest, Wildlife and Range",2
Explore Idaho program (High School relation program),3
"Exploring global issues, an intercultural perspective",5
Explosion,3
Extension conference,3
Extension courses,10
Extension institute special,2
Extension service,12
Extension - summer vocation camps,2
Faculty,2
Faculty appointments,22
Faculty Art exhibit,6
Faculty club,3
Faculty committee on Health and housing,2
Faculty committees,2
Faculty council,152
Faculty evaluation by students,10
Faculty housing project,6
Faculty - morale,5
Faculty promotion,5
Faculty - salary,16
Faculty - turnover,5
Faculty women's club,2
"Fahrenwald, A.W.",18
"Falash, Robert 'Bob'",4
"Falash, Tom",2
"Fallini, Joe",2
Fall-out shelters,3
Fall registration,25
Famers' fair,4
Family weekend,4
Fantasticks,6
"Farmer, James",2
"Farmer, Ralph",2
Farmer - housekeeper week,3
Farmers institute,4
Farmers week,8
Farm house,6
Farmhouse fraternity,3
"Farnsworth, Gary",2
"Farrar, C.S.",3
Fast for a world harvest,2
"Favre, Clarence",4
FBI law enforcement institute,2
Fees,124
Fellowships,7
Fellowships (N.D.E.A.),2
Fellowships (Woodrow Wilson),3
Fencing,31
Fencing club,5
"Ferguson, J. Homer",3
Festival of fine arts,6
"Fife, Ray",5
"File, James C.",2
Final examinations,8
Final exam schedule - student referendum,3
"Finance controversy, university of Idaho",2
Financial aid,6
Financial aid - applications,3
Financial aid fraud,2
Financial aid office,2
Financial exigency,6
Financial status - University of Idaho,4
"Finch, Dr. John Wellington",4
Fingerprinting at,2
Finian's Rainbow',5
"Finley, Arthur M.",4
"Finley, Chuck",7
Fire alarms,3
Fire - Apartment house,2
Firearms - Policy of,6
Fires,3
Fires in university dormitories,10
Fishbone - Musical group,2
"Fisher, Merle",8
"Fitch, James",2
"Fitzgerald, John",4
"Fitzke, Bob",6
"Fitzpatrick, Jack",4
Flag washing,2
"Fleming, Dr. J. Millard",2
"Flenner, Esther",3
"Fletcher, Dr. Max E.",4
"Floyd, Tim",4
Flu Epidemic,17
"Fluhrer, Roy",2
Flying course (C.A.A.),6
Folk Dance Festival (Sponsored by WRA and AWS),10
"Folz, William E.",4
Food for freedom conference,2
Food Services,51
Food Services committee,2
Food stamps,3
Foosball (Machine game),3
Football,1315
Football - All American team,3
Football - All Coast Eleven,3
Football - All Pacific coast team,3
Football - Alumni game,2
Football - Army,7
Football - Awards,4
Football - Big Sky,4
Football - Big Sky All-American team,2
Football - Coaches,2
Football - Coaching staff,16
Football - East-West game,3
Football - Financial report,4
Football - Freshman,53
Football game,12
Football managers,2
Football Mascot (Proposed. Price Alpine Don 2),2
Football players,4
Football rallies,3
Football rules,2
Football team,79
Football team member,5
Football - Team standing - Northwest conference,4
Foreign Language and Literature Department,3
Foreign language contest - Cosmopolitan club,3
Foreign language week,2
Foreign students,60
Foreign study,2
Forester's ball,16
Forester's club,9
Forestry building,4
Forestry - course for ranger,6
Forestry laboratory,2
Forestry - Nursery,3
Forestry - Summer camp,3
Forestry week,19
Forestry - Wood Conversion lab. Building,2
Former Football player,3
"Forney, Keith S.",4
Forney Hall,7
Fortieth Anniversary,2
"Fortner, John Jay",2
"Foster, Carol H.",3
"Foster, Dick",9
Founders day,3
Found Money Fund of Idaho (FMFI),6
"Fourt, D.L.",3
Fourth party(Campus coalition party),3
"Fowles, (Nels)",4
"Fox, Alex",7
"Fox, Richard (Rich)",20
"Fox, Sheri",2
"Franceschi, Vera",2
"Franson, Marian",2
Fraternities,10
Fraternities and sorority rush,17
Fraternity rush,2
Fraternity rushing rules,6
"Frates, Bill",2
"Fray, Bill",4
"Frazier, Zane",2
"Fredekind, Norman",2
"Freeman, Sammie",2
Freeman. Fred,2
Free University,16
"French, Burton L.",12
"French, Permeal J.",10
French Club,6
French House,8
French Language House,11
Freshman orientation,9
Freshman Prose Bowl,3
Freshman recruitment program,2
Freshman-Sophomore contest,32
Freshman week,95
Freshmen directors,18
Freshmen - Glee week,2
"Freund, Jane",5
"Friel, Jack",2
Friends unlimited,4
"Friesz, John",7
Frisbee golf,2
Frisbee throwing contest,3
"Frome, Michael",5
"Fry, Don",2
"Frykman, Marian",6
"Fugato, Robert",4
"Fuller, Sandra",2
"Fulton, Janet",2
Future committee,2
Future Farmers of America,2
G.I. Bill,9
G.I. Bill (for student education),3
G.O.P. club,2
"Gagnum, Helge",3
"Gail, Floyd W.",4
"Galloway, Thomas C.",2
Game fair (Role-playing),2
Gamma Phi Beta,9
"Garber, Jan",2
"Garcia-Amador, Dr. Francisco",5
"Garrett, Jay",2
"Garst, Russell",2
"Gartin, Charles",2
"Gartin, Williams C.",2
"Gary, Wilbur",17
"Gaskins, Richard (Dick)",10
"Gault, Franklin B.",2
Gault Hall,5
Gault Hall fire - 1956,11
Gault Hall - fire victims memorial scholarship,5
Gault Hall - snowball queen,13
"Gauss, H.F.",4
Gays,30
GDI week,21
"Geddes, Norma",2
"Geiger, Joseph",3
"Geisler, Dick",4
Gem of the Mountains,138
General Electric Graduate School of Nuclear Engineering,2
"Genoway, Joyce",2
"Gentile, Paul",2
"Georges-Picot, Guillaume",3
"Geraghty, CY",5
"Geraghty, Wally",11
"Gerlough, Jean",2
"Gerlough, Tillman B. (Turk)",2
"Gerpheide, Pete",3
Getting Out' by Marsha Norman,2
"Ghiglieri, Sally",3
"Ghormley, Robert",2
Ghosts,2
"Gibb, Richard",53
"Gibb, Robert S.",3
"Gibbs, Raphael (Rafe)",4
"Gibson, Lee",2
"Gideonese, Dr. Harry D.",4
"Giese, David",9
Gifts to College of Forestry,2
Gifts to library,22
Gifts to University of Idaho,115
Gift to Electrical Engineering department,2
GIGI',4
"Gilbertson, Keith",3
"Gile, Paul",2
"Gill, James John",3
"Gillespie, Dizzy",2
"Gillespie, Joe",2
"Gillis, John",8
"Gilmore, Eddy",3
"Gipson, Lawrence H.",4
"Girard, James",2
Girls Glee club,7
Girls Rifle club,9
"Gittins, Arthur E.",2
"Givens, Raymond L.",3
"Glander, Joe",2
"Glass, Bently",3
"Glaves, Max",3
Glee Club,10
"Glee Club, mixed",4
Glee Club - tour,7
"Goddard, Jim",5
"Godwin, W. Harold (Hal)",2
"Goeble, Carl",2
"Goff, Abe",3
Golf,229
Golf club,2
Golf club house,3
Golf course,43
Golf team,25
"Gooddell, George (Bud)",2
"Goodspeed, Nancy",2
"Goodwin, William D.",2
"Gootblatt, Ellen",2
"Gormsen, Peter T.",2
"Goss, Winston",3
Go to health fun run,2
"Gould, J. O.",2
"Gould, Stephen",2
"Goulder, Clarice",2
"Gourley, Louis",5
"Gowen, Duddy",2
Grade Averages,29
Grade point averages,4
Grades,13
Grades and Honors,10
Grading system,4
Graduate and Professional students Association,14
Graduate Art studio (GAS house),3
Graduates,13
Graduate school,14
Graham Hall,3
Grants,2
"Graue, Dr. Erwin",9
"Gray, Earl E.",2
"Graybill, Charles",2
Great decision,10
"Greathouse, Cecil",2
"Grebner, Marythea",2
Greeks,11
Greek system,4
Greek week,35
"Green, Dean",2
"Green, Diane",2
"Green, Leon",6
"Green, Scott",2
"Greene, Felix",2
"Greene, George",6
"Greene, Leon G.",8
"Green peace past, Present, and future'",2
Green stock,4
"Greever, William S.",5
"Gregory, Earl",7
"Grenier, Howard",3
"Gribble, Will",2
"Griffith, John George",9
"Grimes, C.E.",2
"Grimes, Larry",3
"Grimm, Gerald",2
"Grimm, Kenneth E.",3
"Grogan, John S.",2
Ground zero week,2
"Grove, Carol",3
Growth of the University of Idaho,3
"Grubb, Nancy",3
Gualt-Upham Hall,5
"Guass, Henry G.",3
"Gudy, Brad",2
"Gulick, Robert L., Jr.",3
"Gustafson, Patti",2
Guys and Dolls (Musical),4
"Gwinn, Marcia",2
Gymnastics,11
Gymnastics - meets,27
Gymnastics - shows,5
Gymnastic team,2
"Haasch, Donald",2
"Habib, Philip",9
"Haffner, Julius Bernhard",2
"Hagberg, Ole Gabriel (1873-1898)",10
"Hahn, Richard",2
"Haines, Bob",2
"Hall, Bill",3
"Hall, F.H.",2
"Hall, Russ",3
"Hall, William (Bill)",2
"Halland, Leonard",4
Halloween Activities,10
"Hamilton, Hugh",2
"Hamilton, Ladd",2
"Hammar, Gustaf W.",3
"Hammond, Jim",3
"Hampton, Lionel",7
"Handford, June",3
Handicapped,20
Handicapped awareness day (or week),4
Handicapped children care (Elementary Education),2
Handicapped students - accessibility of Moscow businesses,2
Handicapped students - Campus accessibilities,10
Handicapped students - Campus accessibilities - modifications,4
Handicraft and Hobby show,2
"Hanks, Amie",2
"Hansen, Mary",2
"Hanson, Henry C.",4
"Hanson, Philip",6
"Hargis, Bobbie",2
"Hargraves, Roy",2
"Harlaw, Gene",2
"Harmsworth, Harry",4
"Harris, Howard",2
"Harris, Ronald",3
"Harris, Silas A.",2
"Harrison, Dale",3
"Hart, Donald J. (Dean)",6
"Hartung, Dr. Ernest W.",34
Hartung Theatre,4
Harvard club prize,6
"Hasking, Ed",2
"Haskins, Matt",2
"Hatch, A.B.",2
"Hatch, Jim",2
"Hatfield, Col. Floyd",2
"Hatton, Ray",8
"Haughton, Rosemary (Thompson)",4
"Hause, E. Malcolm",2
"Hausen, Charles (Dad)",4
Have Boise State night,2
"Haworth, Ross",3
"Hayakawa, Dr. S. I.",2
"Hayden, Barbara",2
"Hays, James B.",3
Hays Hall,5
Hays Hall construction,5
Hazing,15
"Healander, Beatrice",3
Health fair,2
Health product vending machines,2
Heating plant,15
"Heber, Megan",3
"Heinrich, Marilyn",2
Hell Divers,25
Hell Divers - Annual water show,13
Hell Divers - Tapping,5
"Helle, Jack",2
"Hellier-Collins, E.",3
Hello Walk',4
"Hendee, John",2
"Henden, Paul",2
"Hendren, Jerry",5
"Henriksson, Sonia",3
"Henry, Shirley",2
"Henry IV', Part I",6
"Herman, Horton",2
"Herrick, Robert",6
"Herron, Eugene",2
"Hess, Burdett Evan",9
Heyburn Award,3
"Hiaring, Phil",3
"Hickey, Kerry",2
"Hickman, Cuthbert Wright",7
Higher Education,4
High School senior days,11
Hiking club,2
"Hilbert, Tom",3
"Hilder, Ed",2
"Hill, Frank",3
"Hillaire, Marcel",2
"Hilton, Otis",6
"Hinckley, Cless",2
"Hinckley, Karen",6
"Hinckley, Steve",3
"Hinder, Dave",2
"Hindle, Norman F.",4
"Hironaka, Minoku",2
"Hirt, Al",7
"Hiserman, Stanley J.",2
Historical Pageant,7
Historical - Semicentinnail,11
History of early minutes of regents,2
"Hobart, Ken",9
"Hobdey, Lorna",2
Hockey,12
"Hodge, Timothy R.",2
"Hodges, Harlan",9
"Hofmann, Josef",2
"Hogue, Wilbur (Duck)",4
"Holder, Bob",5
Holly Queen,22
Holly Week,95
"Holman, Guy",3
"Holmes, Gretchen",4
"Holt, Dean",6
Homecoming,239
Homecoming Committee Chairman,7
Homecoming dance,5
Homecoming - events,6
Homecoming - Schedule of events,7
Homecoming - Traditions,2
Home Economic club,11
Home Economic Day,3
"Home Management house, Home Economics department",4
"Honeywell, Alene",3
"Honnold, Helen",2
Honorary degrees,10
Honors convention,3
Honors program,7
Honor system,4
"Honsowetz, Russell",3
"Hoopes, Hugh",3
Hootenany - Farm Youth Exchange program,4
"Hopkins, Bert",2
"Hopkins, Irvin Lee",4
"Hopkins, Vonley",4
"Hopson, Phil",7
"Hormachea, Dolores",2
"Horning, Charles",2
"Horsman, Eleanor",2
"Horton, George E.",3
"Hosack, Robert E.",4
"Hosch, Kermit",2
"Hostetler, Glen",2
Housing,34
Housing shortage,5
"Howard, Jerry",2
"Howard, Jim",3
"Howard, John",2
"Howard, Pendleton",4
"Howard, William M.",3
"Howell, Dixie",11
"Huber, George L.",2
"Huber, Louis H.",2
"Hubert, Earnest E.",7
"Huckshorn, Robert J.",2
"Hudson, Charles F.",2
"Huettig, Gerald",3
"Hughs, John B.",3
"Hull, Robert H.",2
"Hulme, Edward M",6
"Hulme, Edward Maslin",11
Hulme fight,11
"Hult, Orville (Haggerty)",2
Human Rights March,2
"Hume, Stan",2
Hungarian uprising (1956),3
"Hungerford, Charles William",4
"Hungerford, Kenneth E.",7
"Hunter, Elra (Squinty)",5
"Hunter, Gary",2
"Hunter, Ken",3
"Hunter, Ralph",3
"Hunter, William",7
"Hurdstrom, Karen (Karin)",6
"Hurley, Ed",2
"Hussa, Carol",2
"Hutchins, Robert Maynard",16
"Hutchinson, Jessie",2
"Hutchinson, Paul",2
"Hutchinson, R. F.",3
"Hutchinson, Ralph F.",6
"Hutchison, Betty Lu",2
"Hyde, Eugene",2
"Hyer, Larry",2
I.C.E.P. - Mock political convention,9
I' Club,15
I' Club - officers,2
Ice skating rink (proposed 1954),3
Idaho. Senate - Legislation,7
Idaho. State legislature,2
Idaho's clan,2
Idaho 2000 conference,2
Idaho Academy of Science,12
Idaho Agronomy Association,2
Idaho Art Association,2
Idaho association of commerce and industry task force,2
Idaho Association of student councils,2
Idaho bed-pushing team,2
Idaho bulletin,2
Idaho center for Education in politics,5
Idaho center for Education in politics - mock,2
Idaho center for Political Education - mock political convention,6
Idaho club,4
Idaho cooperative fisheries research unit,2
Idaho cooperative wildlife research,2
Idaho country life,2
Idaho dance ensemble,2
Idaho editors and publishers conference,2
Idaho educational adventures,2
Idaho engineer,7
Idaho Forester,7
Idaho hour,2
Idaho Institute of Christian Education,28
Idaho Music Educator's Association,5
Idaho repertory theatre,2
Idaho sales tax,8
Idaho School of Religion,2
Idaho Sports Award banquet,3
Idaho state appropriations to higher education,2
Idaho state college,11
Idaho state forestry week,11
Idaho state home demonstration council,2
Idaho state intercollegiate legislature,3
Idaho State Library Association,2
Idaho State University,8
Idaho Student Association,15
Idaho Student Government Association,5
Idaho Student Lobby,19
Idaho Task force higher education,2
Idaho Trustees' Association,2
Idaho vs. Rodeo team at Moseslake intercollegiate rodeo,2
"Iddings, E.J.",17
"Identification, ASUI - registration photo",5
Identification cards,4
"Ihrig, Paul R.",2
Inauguration - Zinser,2
Incompletes policy,4
Independent caucus,4
Independent party,38
India night,4
Indoor track,4
Industrial Arts - Building,3
Industrial Education Department,3
Infirmary,22
Infirmary exercises - new policy,4
"Ingle, Don",5
Inland Empire drill competition (ROTC),5
Inland Empire Rifle conference (ROTC),4
"Inman, Elbert (Lefty)",2
In-State tuition,17
In-State tuition - legislative bill,11
Institute for Resource Management,15
Institute of Electronics and Electronics Engineers,2
Institute of International Education,3
Inter-Church council,8
Intercollegiate Knights,100
Interdisplinary studies,2
Interfraternity ball,18
Interfraternity council,35
Interfraternity council conference,2
Interfraternity council Greek awards,4
Intermountain Affiliate College and University,2
Intermountain Association of College and University resident halls,2
International farm youth exchange,6
International Friendship Association,7
International House,3
International lunch and learn seminars,4
International relations club,22
International relations club conference,5
International soccer team matches,4
International Student days,6
International student week,4
International trade and development office,2
International week,10
Intraclass track,4
Intramural championships,2
Intramural Football,19
Intramural points (Total),35
Intramural Program,8
Intramural rifle match,3
Intramural softball,24
Intramural sports,200
Intramural sports cup,3
Intramural sports program,6
Intramural Swimming,33
Intramural Tennis,20
Intramural track,82
Intramural volleyball,45
Intramural wrestling,2
Iranian student association,2
Irene Ryan scholarship competition,3
Iron Angles Rod and Cycle club,3
"Isner, Lavirta",2
"Ison, Nelvin",3
Issues and forums,5
"Iverson, Norman",10
J. B. ',5
"Jackson, Sen. Henry",2
"Jackson, Tom",3
"Jackson, Vonda",2
"Jacob, Hyde",5
"Jacobson, Dr. Norman",2
"Jacoby, Glenn J. 'Red'",9
"Jagels, Marvin",2
"James, Col. G.W.",2
"James, Dale",3
"James, Francis L. (Frank)",3
"Janes, B.E.",4
"Janssen, Allen S.",8
"Janssen, Sheila",2
"Jayne, Ben",2
Jazz band,3
Jazz concerts,13
Jazz festival,36
Jazz for two,2
Jazz in the Bucket,14
Jazz Liturgy - First Presbyterian church,2
"Jeffers, D.S.",10
"Jeffres, Leo W.",2
Jellick Affair,2
"Jenkins, Francis",4
"Jenkins, Sam",6
"Jennings, Diana",2
"Jennings, Talbot",7
"Jensch, Marcia",2
"Jensen, Katherine",2
"Jensen, Leah",4
"Jensen, Rev. Joshua",2
"Jergenson, Keith",3
Jewett Memorial organ,3
Joe Vandal,6
Jogging path -ASUI golf course,4
"Johannesen, Carl",3
"Johansen, Harley",3
"Johns, Beth Ann",2
"Johnson, Bert",2
"Johnson, Chas M.",3
"Johnson, Don",13
"Johnson, Gus",3
"Johnson, J. Hugo",4
"Johnson, Jack",2
"Johnson, Jennie F.W.",2
"Johnson, John J.",2
"Johnson, Ken",2
"Johnson, Paul",2
"Johnson, Roy O.",2
"Johnson, Thane",5
"Johnson, William F.",2
"Johnston, Bill",2
"Johnston, Jim",10
"Johnston, Jimmy",4
"Johnston, Lawrence",2
"Johnston, William F.",2
"Jollie, Malcolm T.",3
"Jones, Archie N.",9
"Jones, C.W.",2
"Jones, Celeste",2
"Jones, Doug",9
"Jones, Edith",2
"Jones, Howard",3
"Jones, Irving W.",2
"Jones, Jack",3
"Jones, Marsh",4
"Jones, Paul",3
"Jones, R.O.",5
"Jones, Ricky",2
"Jones, Robert",2
"Jones, W.T.",2
"Jordan, Len B.",4
"Jorgenson, Jerry",3
Journalism and Public Affairs in the mess media conference,7
Journalist honors,2
journalists,2
Judging of livestock,10
Judicial council - ASUI,6
Juggling club,3
Junior and Senior college - University of Idaho,3
Junior prom,5
Junior promenade,10
Junior-Senior ball (Prom),33
Junior-Senior night,4
Junior week,42
Just us club,3
K.R.L.C.,2
"Kaczmarek, Ray",4
"Kagi, Tina",4
"Kalbus, James",2
"Kalbus, James (Jim)",2
"Kallas, James Gus",3
"Kamal, Abdul",2
"Kamelevicz, Tony",2
"Kaplan, Dr. Joseph",2
Kappa Alpha Theta,20
Kappa Delta Pi,8
Kappa Kappa Gamma,10
Kappa Phi,2
Kappa Sigma,10
"Kappler, Richard G.",4
"Kara, Frank",4
"Kara, Ted",17
"Karp, Howard - Piano",3
"Katsilometes, William (Bill)",12
Kaufman award,3
"Kay, Jimmy",2
"Kees, Donald J.",3
"Keiser, John",2
"Keith, Jody",2
"Keller, Mike",6
"Kellerman, Brian W.",7
"Kelley, Frederick J.",7
"Kelley, Thomas",7
"Kelly, William",2
"Kempthorne, Dirk",5
"Kendrick, David",5
"Kennard, Frank Leslie",2
"Kennedy, Edward 'Ted'",2
"Kennedy, Sen. John Fitzgerald",5
"Kenworthy, Gary",3
"Kenworthy, Max",10
"Kerns, Claudette",2
"Kerr, Paul",2
"Kerr, T.S.",18
"Kershisnik, (Bill)",4
"Ketchen, Nancy",2
"Keys, Karl Llewellyn",2
"Kibbie, William",2
Kibbie Dome,74
"Killian, Karl",2
"Killsgaard, Carl",14
"Kim, Dr. J.S.",4
"Kincaid, Brain",11
"Kinch, Myra",3
"King, Joe",4
"King, Margaret",4
"King, Martin Luther, Jr.",8
King and I,9
"Kinnison, Bank",5
"Kinnison, Franks",3
"Kipling, Lorna",2
"Kircher, Bob",2
"Kirkland, Eric",4
"Kirkpatrick, Lester",4
"Kirkwood, Mary",10
"Kirley, Charles L.",4
Kiss Me Kate',11
"Kizer, Ralph",2
"Kjosness, W.B.",2
"Klages, K.H.",6
"Klapstein, Carl",2
"Kleffner, Philip 'Flip'",20
"Kleffner, Sylvester 'Syb'",2
"Klein, Eldon",3
"Kline, Maurice 'Dusty'",6
"Klumb, Harold",6
"Knap, Tony",5
"Knapp, Ruth Ann",5
"Knecht, Edward",5
Knights of the Ball and Chain,2
Knitting lessons,2
"Knodle, Jack",6
"Knudson, Albert",6
"Knudson, John",3
"Kole, Andre",2
"Konpka, Irvin",2
"Konsgaard, Sverre",3
Korean veterans,4
"Kornher, Ken",2
"Kostalek, John",6
"Kramer, Bill (Curley)",13
"Kramer, jerry",9
"Kratt, Theodore",2
"Kraus, J.E.",6
"Krauss, Karen Lee",6
KRFA-FM (Radio station 1984-),2
KRFA radio - staff,2
"Krogue, Paul",5
Kronos quartet,2
"Kroush, Dixie",5
KRPL,2
"Krueger, Ken",2
"Kruger, Hartley",5
"Kruger, James",8
KTRS-FM,2
KUID-FM,27
KUID-TV,79
KUID TV - Staff,9
KUID TV - State funding cut,8
KUOI,210
KUOI - coverage,4
KUOI - Program schedule,11
KUOI radio station - staff,5
KUOI - Staff,12
Laboratories,2
"Lacy, Ed",3
Lady Vandals,4
Lambda Chi Alpha,19
Lambda Chi Alpha - Crescent girl,17
Lambda Delta Sigma,2
Landscape Architecture Department,3
"Laney, Francis B.",2
Language laboratory,4
"Lapp, Dr. Ralph E.",6
"Larson, Bert",9
"Larson, Dr. Arthur",2
"Larson, Estella",2
"Larson, Gus L.",7
"LaRue, Phyllis",2
"Laskaris, Constantios (Gus)",2
"Lattig, H.E.",5
"Lattig, H.E. (Dean)",5
"Lattig, Max",3
"Lau, Reid",2
Laundry: Student consider boycott of Moscow establishment,5
Law - Association of pre-legal students,2
Law Library,8
"Lawr, Bill",2
"Lawrence, John A.",2
"Lawrenson, Raymond",3
"Law suit against UI president Gibb, state board of regents and Raymond Miller (Dean of Agriculture)",3
LDS Institute,2
LDS Institute of Religion,4
LDS seminary - Construction,2
Leadership training conference,18
Learn and Earn program (for summer session),2
Learning resource center,6
Learning skill center,8
"Leatham, Earl G.",3
"LeClair, Titus",2
"Leclaire, Tom",4
Lecture notes program,8
"Ledesma, Steve",2
"LeDuc, Rich",2
"Lee, Don N.",2
"Lee, William E.",2
"Leek, Nancy",6
"Leeright, Robert",3
"Leetzow, Max",4
Legal aid clinic,4
Legislators breakfast,2
Legislature,4
Legislature - tuition bill,2
"Leibowitz, Phil",6
"Leite, Roy J.",2
"Lemon, Allan C.",2
Length of vocations,4
"Leonard, Myrtle",4
"LeRoy, Dave",2
"Lester, Frankie",3
"Leth, Ruth",2
"Levinson, Salmon O.",2
"Leweis, Ray",2
"Lewies, Harry",4
"Lewis, Fulton III",2
"Lewis, Howard Thompson",3
"Lewis, Matt",2
Lewis-Clark Normal School,11
Lewis-Clark State College,2
"Ley, Willie",2
"Leyde, Vern",4
LI'L Abner,9
Library,101
Library book theft,3
Library building (proposed 1954),4
Library collection,3
Library computerization,2
Library displays,15
Library expansion,4
Library expansion and renovation,8
Library - holdings,6
Library Hours,13
Library - New building (1957),17
Library - Reclassification of books,2
Library - Special Collections,3
Library - Staff,4
Library week,2
Library - WSU shuttle service,2
Life for little Joe fund,5
Life Science building - addition,8
"Lightfoot, Orlando",3
Limelighters,2
"Lindley, E.K. (Prex)",13
"Lindley, Ernest Hiram",7
Lindley hall,8
"Linehan, Scott",3
"Linnenkamp, John Raymond",2
Lionel Hampton/Chevron Jazz festival,12
"Lister, Twink",2
Literary magazine,12
Little Fox (Lillian Hellman),2
Little International (Agriculture week),111
Little sister rush,3
"Livestock judging - Butter, Apple",9
"Livestock judging - Butter, Apple, grains",8
Livestock judging team,19
Living groups,6
Living History Museum (Proposed),3
"Livingston, Caroll",3
"Livingston, D.C.",2
"Lloyd, Ed",2
"Locke, Mabel E.",3
"Lockery, Glen R.",5
"Lockhard, Jim",2
"Loeppky, Dick",2
"Logan, Norman R.",7
Logger sports team,3
Logging competitions,2
"Long, Brian",2
Long distance running,5
Long Range Planning - University of Idaho,2
"Loosli, Clyton K.",3
"Lopez, Don",2
"Lorie, Donald G.",4
Lottery - Proposed for Idaho state,2
"Loughton, S. Jack",2
Loveliest Afternoon of the Year' - play,2
Loyalty Day,4
"Lucas, James R. 'Doc'",3
"Lucas, Parker V.",5
"Lucenford, Jimmie",3
"Lund, Chuck",2
"Lundstrom, Fritz",2
"Luntey, Gene",2
Lute Song,9
Lutheran Student's Association,5
"Lybrand, Jayne",2
"Lydum, Floyd",2
"Lyle, James",6
"Lynch, Jim",2
"Lyon, Cathy",3
"Lyon, Robert",4
"Machils, Gray",2
"MacIntosh, Bruce",6
"MaCklin, Hall M.",18
"MacLean, James Alexander",7
MacLean field,4
"MacMillan, David",9
Madame Butterfly (Puccini),2
Mademoiselle Magazine,2
Madrigal singers,6
"Maguire, Ann",2
"Maib, Francis",3
"Maisch, Robert R.",2
"Maker, Robert",2
"Malik, Charles",3
"Malin, Maurice",3
"Mancini, Henry",2
Mandolin club,4
"Manville, Judy",5
Marathon - Sports,2
Marching band,23
Mardi Gras,16
"Maren, Ken",2
"Margarete, Sargent",2
Marijuana,16
"Marineau, Al",2
Marines - Anniversary celebration,5
"Marley, A. Robert",2
Marriage of Bette and Boo,3
Marriage of Figaro',2
Married students,2
Marriott Corp,20
"Marshall, Cecil E.",5
"Marshall, Charles B.",2
"Marshall, Don A.",2
"Marshall, Lucile",2
"Marshall, S.L.A.",3
"Martell, Charlette",3
Martial arts,3
"Martin, Boyd A.",30
"Martin, Elmer (Irish)",7
"Martin, James W.",4
"Martin, Lowell",3
"Martin, Paris",2
"Martindale, David",3
Martin Institute,3
Martin Institute for peace studies and conflict resolutions,3
"Marty, Edmund J.",2
"Mason, E.F.",2
"Mason, W.H.",3
Master's degree - Requirements,2
"Masterson, William E.",2
Mathematics and Statistics Assistance center,2
Mathematics class,2
"Matheney, Sharon",2
"Mather, Bill",3
"Mathews, J.D.",4
"Mathis, Johnny",9
"Matmiller, John",2
"Matovitvh, Paul D",19
Matrix table - Dorothy R. Powers,3
"Matthews, R.L.",12
Maurice A.',4
"Maxey, Dave",3
"May, Billy",3
"May Day, Moscow, U.S.A.'",5
May fete,84
"Mayfield, Darwin",3
May queen,16
"Mays, Bob",2
"McAdams, Harry",3
"McArdle, Richard E.",2
"McCaffery, R.S.",3
"McCallie, Margaret",2
"McCann, Bill",8
"McCarthy, Leslie",2
"McCarty, George",2
"McCarty, Mickey",3
"McChesney, H.D.",2
"McCloud, Cathy",2
"McClure, James A.",2
McClusky,2
"McColm, Robert",2
"McConnel, Thomas Franklin",2
McConnell Hall,3
"McCormick, Janice",2
"McCowan, Bruce",5
"McCue, Robert (Bullet Bob",7
"McCutcheon, Otis Eddy",3
"McDevitt, Charles",15
"McDonald, Ray",16
"McEwen, Gary",2
"McEwen, Heather",2
"McFarland, James (Jim)",4
"McFarland, Ronald",2
"McGill, Donald",2
"McGowan, Bill",4
"McGrew, Netra",2
"McInerney, Howard",3
"McIntosh, Beth",2
"McIntosh, Carl W.",2
"McKee, Jerry",2
"McKinney, Jack",3
"McLean, James A.",3
"Mcmahon, Sue",2
"McMillin, Frank",6
"McNease, Y.C.",2
"McPhee, Craig",4
"McPike, Roger",3
"McQuade, Henry",2
"McQuillen, Charles",4
"Mead, Margaret",4
MEChA (Movimiento Estudiantil Chicano de Aztlan),3
"Mechem, Frank L.",2
Media center (Formerly AV center),2
Medical school,2
"Meldrum, Barbara",3
"Melton, Harlan 'Lefty'",8
"Melzian, M.W.",2
Memorial day,4
Memorial gymnasium,58
Men's' forum,2
Men's Glee club,11
Men's rifle team,20
Men's rugby (Blue Mountain Rugby club),15
Men's rush,26
Men's Tennis,36
Mental tests for students,2
"Merrick, Marilyn",3
"Merrill, Roy",2
"Merriman, Sam",4
"Messenger, J.F.",5
"Messerly, Lois",3
"Micklick, Bill",3
Microelectronic research center,3
"Middleton, John R.",4
Midnight with the Vandals,6
Military Ball,43
Military Ball queen,19
Military band,2
Military training for youth,2
"Millard, Herb",3
"Miller, A.S.",2
"Miller, Don",2
"Miller, Maynard M.",6
"Miller, Mildred",2
"Miller, Ralph",4
"Miller, Ray",5
"Minden, Carl",4
"Minnis, Mhyra",3
Minorities,34
Minor sports meet,10
"Misner, Art",3
Miss University of Idaho contest,59
Miss Wool of Idaho' contest,9
"Mitchell, Jack",4
"Mitsacos, Jasmin",2
"Mix, Gainford",2
"Mix, Gale",19
"Mix, John",2
"Moats, John",2
"Moats, William L.",3
Mock election (Idaho),2
Mock election (United States),3
Model United Nations,52
"Moe, Leslie Nelson (Bo)",3
Moliere School for Wives,2
"Monahan, Mike",7
"Monroe, Dick",3
"Monson, Don",11
"Montgomery, James",3
"Mooney, Dick",3
"Moore, Edward C.",3
"Moore, Frank",2
"Moore, Idora Lee",2
"Moore, James A.",2
"Moore, Marianne",2
"Moore, Nancy",2
Moot court,4
"Moran, Jim",2
"Moreland, Tom",5
"Morfitt, Carl",4
"Morfitt, Nick",3
"Morgan, Edward P.",2
"Morgan, Janice",2
Morril Hall,6
"Morris, Tom",3
"Morrison, Dwight",4
"Morrison, Harry S., Jr.",2
"Morrison, Harry W.",2
"Morrow, buddy",4
"Morrow, McKeen F.",2
"Morrow, William (Bill)",2
"Morse, John",2
Mortar Board,56
"Morton, Bill",2
Moscon,12
Moscow Mardi Gras,20
Moscow mountain,4
Moscow - Pullman recreation corridor,2
Moscow Volunteer Fire Department,4
"Moser, Robert (Bob)",7
Mother's weekend,13
"Moulton, Robert",2
Mountain West Athletic conference,3
"Moyer, Larry",2
"Mt. Saint Helens eruption, May 181980",2
Mu Beta Beta,2
Mucker's ball,8
Mu Epsilon Delta,2
"Mullen, Jim",2
"Mullins, Bill",2
"Murphy, Dave",2
"Murphy, Yo",3
"Musial, Walt",5
Musical chair for Africa,4
Music camp,3
Music club,4
Music festival,7
Music Hall (New),7
Music scholarship winner,4
Music winner,2
Muslim students,2
"Musseau, Steve",9
"Muttkowski, Richard A.",2
"Naccarato, Rich",2
"Narrios, Bernardo",2
Narthex table,2
"Nash, Larenzo",2
National Association of College Unions,15
National College Queen Pageant,2
National Collegiate Athletic Association (NCAA),3
National Endowment for the Arts,5
National rifle match,4
National Science Foundation,11
National Science Foundation Institute,6
National Student's Association (NSA),76
National Wilderness Workshop,4
National World Affair Club,3
Native American Center,3
Natural Resources week,7
Naval Training program,2
Navy ROTC,62
Navy ROTC - Ball,6
Navy ROTC - Drill team,2
Navy ROTC - Eagle and Anchor Society,7
Navy ROTC - Rifle team,7
Navy ROTC - Staff,4
Navy ROTC - Summer cruise,2
Navy ROTC -Tournament,2
"Neale, Mervin Gordon",14
Neale Stadium,7
"Neely, Kelly",2
"Neely, Marjorie",6
"Neely, Steward",2
"Neidig, R.E.",4
"Nelson, Ernest 'Skinny'",2
"Nelson, Marigay",9
"Nelson, Neal 'Nellie'",2
"Nelson, Pat",2
"Nelson, Sally Jo",2
"Neuman, Robert",3
"Newhouse, Neal",8
"Newhouse, Robert (Bob)",2
"Newhouse, Ruth",2
New Infirmary,15
"Newman, Dewey",9
Newman club,5
New stadium (Neale Field),4
New stadium (proposed),4
New stadium 1973-,3
New student days,4
New student week,7
New tennis courts,2
"Newton, Francis",3
Niccolo and Nicolette,2
"Nicholas, George R.",2
"Nicholas, Lynn (Sam)",4
"Nicholes, Lynn",2
"Nichols, John R.",3
"Nicholson, John F.",2
Nickle Hop,18
"Nicolis, Mary Hall",2
"Nielsen, Bernt 'Cap'",2
Nightline,21
"Nikcevich, John",4
Nike Hoop Shoot-Out,3
"Noh, Laird",8
Non-Traditional student programs,2
"Norby, Larry",2
"Nordby, Diann",2
"Nordby, John",8
"Nordby, Julius",2
"Norgord, John T.",2
"Norris, Roger",2
Northern Idaho conference on Home Economics,3
North Idaho,2
North Idaho Chamber of Commerce - Legislators tour,2
North Idaho Student Lobby,2
Northwest College conference,2
Northwest Conference of Philosophy,2
Northwest drama conference,3
Northwest passage training post,2
Northwest Scientific Association,4
"Norton, Jim",4
Nuclear reactor,2
"Number, Jack",2
"Numbers, Muddy",2
"Nussmeier, Doug",3
"Nutting, Richard (Dick)",5
NYA,4
"Nyardi, Nicholas",3
"Nye, Larry",3
"O'Brien, Dan",5
"O'Callaghan, Mike",4
"O'Hagan, John",2
"O'Neal, Ethlyn",2
"O'Neil, L.E.",2
"O'Neil, William",2
"O'Neill, Frederick L.",2
"Oberg, Susie",4
"Oberoi, L.S.",3
Obiter Dictum,2
Observatory,3
"Odham, Charles",2
Off-campus housing,14
Office of cooperative education,3
Officers Reserve corp.,2
"Ogle, Jerry",4
"Ohrt, L.L.",2
"Olin, W.R.",2
"Oliver, Charlie",2
"Oliver, George",2
"Olson, Dale",4
"Olson, Lou Ann",8
"Olson, Paul",2
"Olson, Walt",6
Ombudsman,2
Omega Alpha,4
Omega Pi Alpha,3
One Act Play festival,2
One-Act-Plays,30
One percent tax initiative,8
Open forum,5
Opera - Cavalleria Rusticana,3
Operas,2
Opera workshop,12
Oratorical Association,2
Oratorical contest,5
"Orazem, Virginia",5
Orchesis,48
Orchestra San Peitro of Naples,2
Order of Golden Fleece,4
Organization of Gymnastics,6
Orientation of freshmen,10
Origination of 'Vandals',7
"Orrod, Magnus",2
"Orwick, John",9
"Otness, Robert H.",3
Outdoor program,48
Outdoor program offerings,6
Outdoor track,2
Outing club,3
Out-of-state students,2
Out-Of-State tuition,7
"Overgaard, Will",3
"Owens, Guy E.",2
"Owens, Herbert Evan (Berbie).",2
"Owens, Kenny",5
"Paason, Ralph",3
"Pace, Lois",15
Pacific Coast conference,24
Pacific Coast Interfraternity council,2
Pacific Forensic League,5
Pacific International Livestock Expo.,12
Pacific Northwest College Congress,5
Pacific Northwest conference on Higher Education,3
Pacific Student Presidents Association,4
"Paddock, Al",3
"Padelford, F.M.",2
Paint The Palouse,2
Pajama Parade,5
Palouse Empire Mall,8
Palouse peace prize,2
Palouse triathlon,6
Pan-Hellenic council,16
Pan-Hellenic residence,5
Pan Sellenic rushing rules,5
"Panttaja, Micki",3
Papa id All,2
Parachute club,12
Paradise Creek,2
Paradise Creek Journal,6
"Parberry, Clem",2
Parents' weekend,26
"Paris, Dick",3
"Park, Nelson",2
"Parker, Jack",4
Parking,53
Parking committee,2
Parking expansion,2
Parking fines,2
Parking permits,12
Parking policy,4
Parking problems on campus and proposed solutions,22
Parking proposals,4
Parking regulations,8
Parking survey,3
"Parkington, G. Northcote",2
"Parks, Kenneth (Kenny)",3
"Parmellee, D.D.",2
"Parsons, Bill",5
Party raid,5
"Pasel, Lawrence",2
Pass-Fail option,3
"Patte, John H. (Jay)",4
"Patterson, Shirley Gale",2
Paul Revere Panel' 1964 presidential election,3
"Pauls, Arthur",2
"Paulsen, Carl G.",2
"Pavkov, Stonko",5
"Payne, Freda",4
"Payne, John",2
"Paynter, Earl",2
Pay schedule for University of Idaho employees,5
Peabody College Commission reports on the University of Idaho,2
Peace Corps,24
Peace Corps - Exams,4
Peace corps - Volunteers,12
"Pearce, Devon",2
"Peck, E,R, Professor of Physics",2
Pederson's party,3
"Peebler, Ray",2
"Peebles, John J.",2
"Pena, David",2
"Pennell, Fred (Fred the cop)",4
People to People Committee,3
Pep Band,56
Pep Band Orchestra,4
Performing Arts center,35
"Perkins, Enoch",3
"Perkins, Proctor Knott",5
"Perkins, Williams C.",2
Per-registration,11
"Perry, Michael",3
Pershing rifles,12
Persian gulf war,2
Personnel bureau,2
"Peters, Betty",2
"Petersen, Keith",6
"Peterson, Charles",3
"Peterson, Harry L.",2
"Peterson, Philip E.",3
"Peterson, R.D.",2
"Peterson, Virgilia",2
"Pfeiffer, Wallace",2
Phi Alpha Beta,2
Phi Alpha Delta,13
Phi Alpha Kappa,2
Phi Alpha Psi,2
Phi Beta Kappa,34
Phi Beta Lambda,2
Phi Beta Sigma,3
Phi Chi Theta,8
Phi Delta Kappa,16
Phi Delta Theta,25
Phi Epsilon Kappa,14
Phi Eta Sigma,13
Phi Gamma Delta,10
Phi Gamma Mu,10
Phi Kappa Phi,10
Phi Kappa Tau,5
"Philbrook, George W.",2
Philharmonic club,5
"Phillips, J.L. (Buck)",3
Phi Mu Alpha,17
Phi Mu Alpha Sinfonia,2
Phi Sigma,2
Phi Upsilon Omicron,13
"Phoenix, Jack",4
Photography center,2
Photography exhibit,2
Photo processes course,2
Photos of campus life,3
Physical Education program,2
Physical plant,7
Physical Science building,14
Piano bash,2
Pi Beta Phi,17
Pi Delta Gamma,3
"Pier, Jane",3
"Pierson, Jay T. Jr.",2
"Pietsch, Carol",2
"Pietsch, Gary",5
Pi Gamma Mu,7
Pi Kappa Alpha,12
Pi Kappa Lambda,2
Pi Lambda Theta,2
Pinball,4
Pine Hall,5
Pipe organ,3
Pi Sigma Rho,6
Placement bureau,3
Planting of Ivy,2
"Plastino, Felix",4
Pledging rules,2
Plumbers' walk out,3
Police,28
Political concerns board,2
Political speeches,6
Political workshops,5
Pom-Pom girls,17
Pool tournament,2
"Pope, James P.",2
Pope Oratorical contest,4
"Popma, Ann",4
Porching',3
"Porter, Dee",2
Potato packaging,2
"Potvin, Gregory",2
Poultry short courses,2
Pound lecture in the humanities,7
"Pounds, Norman",5
POW/MIA recognition ceremony,3
"Powell, Dave",2
"Powell, Eleanor",2
"Power, Otto",3
Power outage,5
Power plant,2
"Powers, Frank",2
"Pratt, Judy",2
"Pratt, Virgil S.",2
Prayer at commencement,3
Preferential voting,4
Pre Medics club,2
Pre-Orchesis - Tapping,7
Pre-paid tuition,2
Preparatory school,8
Preparatory school commencement,3
Preparatory school officers,3
President's house manager,3
Presidential Grove,3
"Presley, Elvis",2
"Prestel, Jim",6
"Price, Anne",2
"Price, C.L.",2
"Price, Gordon 'Whitey'",7
"Price, Granville",5
"Price, John",3
"Price, Leontyne",3
"Price, Victor E.",4
"Price, Walter",9
"Prichard, Theodore J.",8
Prichard Art Gallery,22
"Pritchett, Bob",2
"Probst, Pat",2
"Proctor, Raymon",2
Proposed recreation area - ski area,6
"Prostenson, Ted",3
Protest - Involvement of Persian gulf,3
Publications - University of Idaho,4
Public Relations Department,4
Public relations program of the ASUI,3
Public Relations Student society of America (PRSSA),2
"Puckett, Jessica",2
"Pyne, Len",2
Quarter system,2
Queen and King contests,3
"Querna, Jane McClaren",2
"Quinn, Fred",2
"Quinn, Lawrence (Larry)",4
R.O.T.C.,48
R.O.T.C. - All services,19
R.O.T.C. band,2
R.O.T.C. courses,2
R.O.T.C. - Curriculum change,11
R.O.T.C. football,2
R.O.T.C. - military maneuvers,2
R.O.T.C.- rifle team competition,4
R.O.T.C. sponsors,2
R.O.T.C. - spring review,20
Racial discrimination,3
Racism,2
"Rademacher, Charles Martin",3
Radio and television - channel allotted,2
Radio center,2
"Radio division, Humanities department",3
Radio - Television center,2
Radio - Television guild,13
"Raese, Mary Ann",6
"Raff, Rudolph A.V.",2
Railroad crossing,3
Rallies,10
Rally bonfire,6
"Ralstin, Phyllis",2
"Ramey, Roy",4
"Ramsey, Herschel (Red)",4
"Randall, LaVerne",5
Rape,15
Rashonon',5
"Rathbun, Glenn",2
Rats,2
"Rauch, John",2
"Raunio, Elmer K.",2
Reader's theater,5
Recreation course,2
Recreation workshop,2
Recycling,12
"Redford, Robert",2
"Reeb, Allen",2
"Reed, Dick",3
"Rees, Pati",3
"Rees, Willis 'Bill'",8
"Reeves, Reginald R.",2
Registration,27
Registration fees,11
Registration - geographic distribution,9
Registration - late,2
Registration - Procedure,36
"Reid, Rolland",6
Religion,10
Religion in Life conference,34
Religion on campus,4
Religions census,3
Religions education,2
Religions emphasis week,60
Religious evaluation week,10
Religious studies,3
"Remsberg, Jane",5
"Remsberg, John D.",5
Renaissance fair,15
"Renfrew, Edgar",3
"Renfrew, Malcolm",10
Renfrew hall,2
"Report on income, University of Idaho",2
"Resa, Eivind",3
Residence Hall Association,24
Residence hall council,15
Resident advisors,2
Retention committee,3
"Retherford, J.E.",3
Returning students,2
"Reynolds, Frank",2
"Rhodes, Dick",2
"Rice, Mickey",2
"Rich, Sam",3
"Ricks, Marvin",3
Ridenbaugh Award,5
Ridenbaugh gallery exhibits,2
Ridenbaugh Hall,5
Rifle Club,21
Rifle match,36
Rifle team,21
"Riley, Bud",2
"Rinehart, Edward F.",2
Ring Around Elizabeth',9
"Roberts, Betty Jo",5
"Roberts, Clive",2
"Roberts, George H.",7
"Roberts, Lorin W.",2
Robert Shaw Chorale,3
"Robertson, Fred",3
"Robertson, Kenneth",3
"Robinson, Clayne",2
"Robinson, Jeff",3
"Robinson, Ole",2
"Rock, J. Richard",3
Rodeo,8
Rodeo (Vandal riders),19
Rodeo club,13
Rodeo club - indoor rodeo,3
Rodeo team,5
Rodoe team,12
Rogues Gallery (dance),8
"Roise, Harold",10
"Rojan, Carol",6
"Rolland, Siegfried",2
"Romanio, Steven",3
"Roosevelt, Eleanor",4
"Roosevelt, Theodore",2
"Rose, Alan",8
"Ross, Jeri",4
"Roth, Charlene",2
"Rounsawell, Wallace",4
"Rouyer, Al",3
"Rowberry, Joan",4
"Rowe, Galen",4
Rubella outbreak,2
"Rucker, John",4
"Rudisill, Maun",2
Rugby,62
"Runnenberg, Lorenzo",2
"Rush, Dick",3
Rushing week - rules,9
"Russell, Jim",4
Russian language,3
Russian student editors visit,2
"Rust, John",2
"Rust, Paul",2
"Ryan, Mike",12
"Ryan, Ruth",2
S.A.T.C. (Student Army Training Corp.),10
"Saad, Jim",9
Sabbatical leave,2
"Sackett, John",3
"Sackett, Melvin",3
SADD (Student Against Driving Drunk),2
Sadie Hawkin's day,2
"Sagan, Hans",2
"Sage, Evan T.",2
Sales tax issue,3
"Salyer, Kay",4
"Samms, Virgil (Samie)",4
"Samuelson, Don",4
"Samuelson, Everett V.",3
SANE (National committee for a Sane Nuclear policy,4
"Sasser, Garth",2
Satellite photo (Gift from Soviet Union),2
Satellite sub,4
"Sather, Jim",6
"Savidge, Samual Leigh",4
Scabbard and blade,16
"Schaid, Arnold",2
"Schlesinger, Arthur M.",4
"Schmidt, Francis",7
"Schmitz, Orville",2
Scholar's dorm,2
Scholarship Awards assembly,5
Scholarship cups - University of Idaho,9
Scholarships,194
Scholarships and grants,64
School of Education,14
School of Engineering,6
School of Forestry,29
School of Forestry - Established,4
School of Law,21
School of Mines,22
School of Music,8
School of Practical Agriculture,3
"Schorer, Mark",4
"Schriener, Alexander",3
"Schuldt, Lester L.",2
"Schulte, Barbara",2
"Schumann, Willa",2
"Schwantes, Carlos",2
"Schwartz, Elwyn",5
Science hall,16
Science hall - construction,2
"Scott, Bill",2
Search and Rescue organizations,2
"Sears, Forrest",2
Second city touring company,3
Secret Service',2
"Sedore, Robert N.",2
"Seely, Jim",2
"Seelye, Donald W.",2
Selection of university president 1988-89,11
Selective service act,18
"Selting, Leigh",2
"Seman, Steve",2
Semester system,4
Senior day,5
Senior hall,3
Senior recognition,4
Seniors - final examination,5
Senior sneak,10
Senior week,10
"Sessions, Gary O.",3
Seventieth-fifth anniversary,2
Sex,8
Sex discrimination,2
Sex ratio,5
Sexual assault awareness week,2
Sexual harassment,2
Sexual health week,4
"Seymore, Robert",2
"Shadduck, Louise",2
"Shafer, Bruce Tate",2
"Shafik, Doria",3
Shakespeare week,2
Shared leave policy,2
"Sharp, Duane",2
"Sharp, Lee A.",2
"Sharples, Patsy",17
"Shattuck, Charles Huston",4
"Sheikh, Amtul Mannan S.",2
"Shenandoah, Joanne",2
"Sheppard, Richard (Dick)",5
"Sheppard, Rusty",2
"Sherman, Theodore",3
"Shirley, Don",2
"Shoults, David R.",2
"Shreeve, Jeanne M.",7
"Shuldberg, Bill (William",3
"Shull, W.E.",2
"Shurtliff, (Wes)",2
"Sibley, Earl A.",2
"Sickles, Ralph",2
"Sieckmann, Everett F.",3
"Sierk, Carl",2
Sigma Alpha Epsilon,26
Sigma Alpha Epsilon Olympics (SAE Olympics),3
Sigma Alpha Epsilon Olympics (Sig Alph Olympics),17
Sigma Alpha Epsilon Violet queen,11
Sigma Alpha Iota,21
Sigma Chi,31
Sigma Chi sweetheart,25
Sigma Delta Chi,46
Sigma Delta Pi,3
Sigma Gamma Epsilon,7
Sigma Nu,9
Sigma Omicron Beta,2
Sigma Pi Sigma,7
Sigma Tau,36
Sigma Xi,20
Silver and Gold days,5
Silver lance,3
Silver lance - Initiates,3
"Simmons, Barbara",2
"Simmons, Gary",19
"Simmons, George",4
"Simpson, Ardis",5
"Simpson, C.B.",3
"Sitlinger, Albert",2
"Skaife, Jerry",8
Skating rink,13
"Skaug, Bruce",2
Ski club,6
Ski ground development,2
Skiing,93
Ski lodge,3
"Skinner, Bill",4
"Skinner, Lynn",3
Ski run (on skyline drive),4
Ski team,93
Ski team - Northwest regional,2
"Slade, Michael C.",2
"Slavin, Gayle",2
Sleeping Beauty,13
"Small, Rodney",2
"Smart, Steve",5
"Smith, Andrew W.",2
"Smith, Arthur L.",4
"Smith, C. Shaw",2
"Smith, E. Wayne",2
"Smith, Earl",4
"Smith, Henry",2
"Smith, Jaune Quick-To-See",2
"Smith, Joel",2
"Smith, John L.",3
"Smith, Laralle",2
"Smith, Lyle",12
"Smith, Ray",8
"Smith, Richard J.",3
"Smith, Riley",4
"Smith, T.V.",3
"Smith, Willis",7
Smoking,3
"Smylie, Robert E.",15
"Smythe, Jerry",2
"Snider, Hervon L.",3
"Snow, Edgar",2
Snowball fight,11
Snow ball fights causing trouble,4
Snow removal,2
Snow sculpture,8
"Snyder, Robert",2
"Snyder, William W.",4
SOAR (Student Opportunity for Academic Renewal),2
Soccer,75
Soccer club,5
Soccer matches,13
Social regulations,3
Societa corelli,2
Society of Automotive Engineers,3
"Soden, Nan",3
"Soderlund, Peter Sparling",2
Softball,5
Song and stunt fest,5
Song fest,56
Sophomore frolic,3
Sororities,8
"Sorsby, Bill",3
"Soulin, Philip",2
Southern Idaho special,12
"Sowder, Ray",2
"Spangler, Richard J.",2
Spanish American War (Hagberg and Draper monument),8
Spanish American War statue,4
"Spaugy, Art",3
Special Olympics,2
Special services project,2
Speech-All Idaho tournament,6
Speech tournament (Speech 51),3
Spinsters skip,2
"Spock, Benjamin",2
Sports Car Association (club),11
Spring registration,33
Spurs,50
Spurs song fest,2
"Squance, William (Bill)",2
St. Augustine's Catholic center,9
"Stageberry, Oswald C.R.",2
"Stahley, J. Neil (Skip)",18
"Staley, W.W.",5
"Stallworth, Nick",2
"Stanton, Frank",4
"Starke, Lyle",2
"Starr, Charles",2
State Board of Education,41
State Idaho Loyalty Oath,9
State legislators,2
State system of junior colleges,2
State typing contest,2
Statewide plan for higher education,4
Statewide university programs exchange,4
"Stavik, Olaf",5
Steam tunnels,5
"Steckler, Rick",2
"Steele, George",2
"Steele, James",5
Steel house,10
"Steffens, Walter",8
"Stephens, Ray (Fat)",2
Stepping stones,3
"Sterling, Irene",2
"Stern, Isaac",2
"Steward, Charles A.",2
"Steward, Marilyn",6
"Stiles, Dick",2
Stillinger Trust Housing,4
"Stimson, Edward S. (Dean)",3
"Stivers, Vernon (Skippy)",6
"Stockesberry, Walter",2
"Stoddard, Merle",6
"Stoll, Dean C.",2
"Stone, Wesley C.",3
Stonewater rapture,2
"Storer, Eugene",2
"Stough, Howard B.",3
"Stowell, Harold",7
"Strack, Dave",2
Strangest kind of romance,2
Streaking,2
"Stringer, William H.",2
"Strohmeyer, Larry",2
"Stroschein, Tom",2
Student activities board,3
Student advisory services,16
Student alumni relation board,3
Student Art Association,4
Student automobiles,2
Student Bar Association,9
Student bill of rights,24
Student coalition to remove unethical bureaucrats (SCRUB),6
Student code of conduct,12
Student committee for equality in education,3
Student counseling center,24
Student directory,14
Student employment bureau (office),2
Student evaluation of teaching programs and teachers,5
Student - Faculty committees,4
Student - Faculty ratio,2
Student - Faculty retreat,23
Student - Faculty workshop,2
Student financial aid,32
Student firefighter,2
Student for a better university,2
Student government party,19
Student handbook,5
Student health center,22
Student health Insurance,4
Student health service,6
Student hostess association,3
Student housing,32
Student humanist association,2
Student Idaho Education Association,4
Student insurance,9
Student judicial council,14
Student judicial system,2
Student leader privileges,2
Student loans,28
Student marriage,2
Student pastor,3
Student recreation,3
Student recruitment,32
Student representative assembly,10
Student rights,2
Students,3
Students charged in courts,4
Students concerned about money (SCAM),2
Students in accidents,5
Students in support of Central America,2
Student support services,3
Student talent tour,3
Student teaching,12
Student union activities board,3
Student union building,182
Student union building committee,5
Study space,6
"Stuebbe, Judy",2
"Stump, George",3
"Stump, Sharon",2
"Subia, Joe",3
Suicide,7
"Sullivan, John L.",2
"Summers, Bruce",2
Summer school,82
Summer session,10
Summer theater,25
"Sumpter, Castleman Harvey (Fat)",2
"Sundberg, Keith",2
"Sundberg, Ross",4
"Swagerty, William",3
"Swartz, Don",2
"Sweeney, Bruce",2
"Sweet, M. Belle",2
"Sweet, Margaret A.",2
"Sweet, Willis",2
"Swenson, Allen",3
Swimming,301
Swimming center,3
Swimming team,68
"Swisher, Ferry",3
"Symms, Steve",3
"Tafolla, Leo",4
"Talboy, Thomas",3
Talisman house,17
Talking With,2
"Tallant, Jim",2
Tamarack Ski area,3
"Tangen-Foster, Jim",2
"Tapper, Lyle",4
Targhee hall,2
Tartuffe (Miliere),8
"Tate, Stanton",5
Tau Kappa Epsilon (TKE),19
Tau Kappa Iota,3
Tau Mem Alpha,2
Taxi dance,3
Tax increase to fund education,2
"Taylor, Angel",2
"Taylor, Eugene",3
"Taylor, Jackie",4
"Taylor, John",2
"Taylor, Paul (Pete)",3
Teacher-course rating plan,4
Teacher evaluation,13
Teacher training institute,2
Telephone - central campus switchboard,6
Telephone service,4
Television - campus closed circuit network,8
Television center,2
Television - educational,5
"Telford, Harold",3
"Tenney, William H,",3
Tennis,367
Tennis courts,2
Tenure,45
Tenured faculty - job elimination,8
"Tessier, Bob",6
Tevebaugh,3
Thanksgiving vocation,4
The (Oriole) Nest,2
The 4-H club,13
Theatre Arts Department,9
Theatre organ - University auditorium,8
Theatre - production and direction,2
Theatre productions,2
Theatre tickets,2
The Boor',2
The Bucket,11
The children's hour,2
The Comedy of Errors,3
The Cradle Song,5
The Crucible,6
The Devil Take Her',2
The Diversity,2
The Elwetas,6
The Happiest Millionaire',4
The House of Bernarda Alba,6
The Idaho Argonaut,121
The Idaho Argonaut - April fool issue,12
The Idaho Student Farmer,4
The Letterman,3
"The lion in the Winter, James Goldman",2
The Madwoman of Chaillot,4
The Nutcracker (Ballet),2
"Theobald, Robert",3
Theologies,2
"Theophilus, Donald Jr.",6
"Theophilus, Donald R.",35
Theophilus Tower,16
The Outstanding Forester,2
The Perch,10
The Quill,2
Theta Chi,16
Theta Sigma,9
Theta Sigma Phi,27
"Thiessen, George",3
Third party,6
Third party movements,8
"Thomas, John",2
"Thomas, John C.",2
"Thomas, Lois",2
"Thomas, T.C.",2
"Thomas, Thomas C.",5
"Thompson, Anne",3
"Thompson, Dennis",8
"Thompson, Jane",2
"Thompson, Jean",2
"Thompson, Karen",3
"Thompson, Miss Dorothy",3
"Thompson, Mrs. Sidney Hultgren",2
"Thompson, Oswald",5
"Thompson, Roy",2
"Thornhill, Harold (Shorty)",3
"Thornock, John",6
"Thorton, Marcia",2
Time capsules,3
"Tisdale, W.E.",2
"Tivey, DeForrest",3
"Tlucek, Laddie",2
"Tominaga, Lynn",2
Touch troupe (Dance group),2
"Tovey, Weldon",2
"Tower, Senator John G.",2
"Towles, Jim",3
Town Men's Association,6
Town Women's Association,6
Track,732
Track and Field,5
Track - Cross country,275
"Tracy, Robert K.",2
Traditions,16
Traffic and safety committee,4
"Trail, Mike",4
"Trail, Tom",2
Translation (Brain Fiel),4
Travel service,10
Treble Clef club,2
Tree maintenance on campus,2
Trees,2
"Trees, Tom",3
"Trefren, Margaret",2
Triathalon,4
"Trimble, William J.",2
Trophy stealing',2
"Troxel, Ed",2
Truck Dog,2
True west,2
"Trumbo, Bill",5
"Trzuskowski, Dick",15
Tuition,14
Tuition controversy,12
Tuition fees,18
Tuition waiver for Idaho and Washington students,2
"Tull, C.C.",4
Tumbling,3
"Turinsky, Helen",2
"Turinsky, Otto",2
Turkey Trot,14
"Turnbow, Grover D.",3
"Turner, Ray",4
Turtle Derby,4
Tutoring and academic assistant center,5
Tutoring service,2
"Tutu, Leah",2
Twelfth Night (William Shakespeare,3
"Twilegar, Ron",2
"Twogood, Forrest F.",8
"Twogood, Forrst F.",9
"Tyler, David",5
"Tyrell, Lee",2
Ugly Man Contest',3
UI Enrichment program,5
"Ullevalseter, Reidar",3
United Fund drive,4
United lantern series,2
United Nations week,4
United party,57
University band,15
University buildings,3
University calendar,2
University center,2
University classroom center,14
University concert band,16
University curriculum committee,6
University Dance Theatre,8
University Day,2
University Dining services,3
University field,3
University finances,2
University forest,6
University Gallery,16
University housing agency,2
University judicial council,3
University little symphony,3
University majorettes,3
University museum,15
University of Idaho - Accreditation,2
University of Idaho - Administration,7
University of Idaho and Washington State University cooperation,4
University of Idaho - Appropriations,11
University of Idaho - Athletics,2
University of Idaho Board of Regents,146
University of Idaho - Building and campus,5
University of Idaho - Campus,2
University of Idaho - Construction,5
University of Idaho - Cost of attending,3
University of Idaho - Description,2
University of Idaho - Expansion,49
University of Idaho - Finances,26
University of Idaho - Five year plan,6
University of Idaho Foundation,9
University of Idaho - Grants received,6
University of Idaho - History,52
University of Idaho - Legislative committee,3
University of Idaho - MASCOT (The Vandal Helmet),2
University of Idaho - Mechanical Military training,2
University of Idaho - Needs,14
University of Idaho - New staff,4
University of Idaho official President's residence,6
University of Idaho - Photos of interiors of buildings,2
University of Idaho president,6
University of Idaho - President's report,2
University of Idaho - Radio program,6
University of Idaho recycling program,2
University of Idaho - Regulations,3
University of Idaho - Research,25
University of Idaho - Research found,3
University of Idaho - Research foundation,2
University of Idaho research funding,9
University of Idaho Rodeo team (Vandal Riders),5
University of Idaho - Role and mission statement,6
University of Idaho - Southern branch,8
University of Idaho - Southern branch buildings,3
University of Idaho - Staff,26
University of Idaho - Staff appointment,21
University of Idaho student Orchestra,4
University of Idaho Summer Institutes,2
University Post office,7
University Press of Idaho,2
University Radio station,2
University research project,3
University singers,30
University string quartette,2
University Sunday,2
University swimming pool - Natatorium,3
University Symphonic band,2
University Symphony orchestra,55
University telescope,2
University women's drill team,2
University year for action (UYA),5
"Upham, A.H. (Alfred)",11
Upham Hall,4
Upper-classmen's dance,4
Upward bound program,3
"Urey, Harold C.",3
Utah Symphony,2
V.I.S.T.A. - Volunteers in Service To America,2
Vandal,5
Vandal boosters,6
Vandal Cafe,2
Vandal card (I.D. card),2
Vandaleers,136
Vandalettes,18
Vandal flying club,22
Vandal Hall,4
Vandalism,20
Vandal riders,34
Vandal riders - Queen,5
Vandal Ski club,14
Van Der Veer C.W.,9
"Vanhaeverbeke, Guy",2
"Van Pyk, Thor",3
"Vesser, Jonny",2
"Vest, Gary",3
Veterans,32
Veterans' housing,13
Veterans' village,3
Veterans vocation club,5
"Vettrus, Dean",3
Vice president for student affairs,6
Vice president of finance and development,2
Video microwave sets,2
Vietnam conflict,7
Vietnam protests and controversy,13
Vietnam symposium,2
Vietnam war,9
Vietnam war memorial (UI memorial),4
"Villarial-Price, Risellen",2
"Vincent, C.C.",3
"Vincenti, Sheldon",3
Visiting professorships,2
Vocation,5
"Voigt, Milton A.",2
Volleyball,23
Volleyball club,2
Volleyball team,5
Volleyball - WRA,2
Vollmer award,6
Volpone',4
Volunteer Income Tax Assistance (VITA),2
"Von Stackelberg, Juris Berbert Baron",4
"Von Tagen, Karl",3
"Vorous, Shirley",5
Voter registration,2
Voter registration drive,3
"Voxman, Bill",4
WAA,3
"Wachal, Carol",2
"Wadsworth, Herbert",3
"Wadsworth, James J.",4
"Waldron, Harvey M.",2
"Waldron, Rodney",2
"Walenta, Thomas R.",2
Walkathon - Battle of the Palouse debt payment,9
"Walker, Len",3
"Walker, Norm",2
"Walker, Robert",2
"Walker, Robert Eugene",2
"Walker, Wayne",10
Wallace complex,18
"Walsh, Jerry",3
WAMI program,8
"Ward, Theron",9
"Ware, Willis",2
"Warner, Barbara",3
"Warner, Charles",3
"Warner, Karen",3
"Warner, Tom",2
"Warner, Vic",5
"Warnick, Calvin C.",2
"Warnick, David",4
War Recognition hour,3
"Warren, Dick",2
"Washburn, Marvin",2
Washington Idaho Symphony,5
Water,3
Water contamination,3
Water - improvements,2
Water polo,7
Watkins Gold Medal for Oratory,13
"Watson, Deon",2
"Watson, Fred",3
"Watt, James",2
"Watts, Jane",2
"Waugh, Alec",4
Weather,22
"Webbert, Charles A.",3
"Webster, Margaret",2
Websterians,16
Websterians officers,4
"Weddington, Sarah",4
"Weeks, Dave",3
"Weeks, Dick",7
Weight room,5
Weight room hours,2
"Weinrich, Carl",2
"Weiskoff, Don",2
"Weiskopf, Don",2
"Weitz, Nancy",2
"Welker, Herman",4
"Weltzin, J.F.",7
"Weltzin, J. Frederick",3
"Wentworth, Irvin",2
"West, Dennis",4
"West, Tom",2
"West, Wayne",2
"Westberg, Orville",2
"Westerburg, Betty Ruth",4
"Westergun, Knute",2
"Westerwelle, Mary",3
"Wetheral, William (Bill)",2
"Wethern, Robert",3
Wheelchair basketball,2
"Wheeler, Bob",5
"Wheeler, Joe",2
"Whiles, Mike",2
"White, Bob",2
"White, Charles L. Jr.",2
"White, Compton I.",3
"White, Gino",4
"White, Ronald",2
"Whitehead, Albert Edward",2
White Pine Hall (Co-ed),7
Whitewater festival,2
"Whiting, Carvel",2
Whitman Hall,2
"Whitney, Andre",2
"Whittemore, Arthue - Lowe, Jack",2
Who's afraid of Virginia Woolf?,2
Who's Who among Students in American Universities and Colleges,4
"Wicks, Grace",2
"Wicks, Guy",18
"Wicks, Heath (Pete)",4
"Wicks, W.H.",3
"Wiemann, Charles",3
"Wilber, C.H.",3
Wildlife Research program,2
Wildlife society,2
"Wilkie, Fred",3
"Wilkins, Beth",2
"Williams, Bill",3
"Williams, Fred",7
"Williams, Gary",2
"Williams, Jerry",2
"Willis, Howard",8
Willis Sweet Hall,14
"Willson, Asher B.",2
"Willson, Marion",2
"Willson, Meredith",4
"Wilson, Charles",2
"Wilson, Eddie",5
"Wilson, George",2
"Wilson, Lyman P.",5
"Winegar, Elizabeth Ann",3
"Wininger, Jim",5
"Winner, H.A.",6
"Winter, Rollie",5
Winter Carnival,12
Winter Sports,2
"Wirt, Janette",3
Withdrawal of students,3
"Wittbecker, Alan",5
"Wodsedalek, Jerry Edward",7
"Woelfel, Lorna",2
"Wohletz, Earnest",4
WOI program,2
"Wolfe, Warren J.",7
Women,22
Women's 'I' club,3
Women's Athletic Association,5
Women's Athletics,2
Women's center,37
Women's field hockey,39
Women's Gymnasium,2
Women's gymnastics,15
Women's health education building,3
Women's hours,18
Women's law caucus,3
Women's outdoor track,2
Women's physical education building,2
Women's recreational Association (WRA),58
Women's rifle team,16
Women's rush,29
Women's swimming,31
Women's Tennis,91
Women's track,33
Women's track team,11
Women's volleyball,228
Women Students,8
Women students annual walk out,3
"Wood, Arlene",2
"Wood, Cartee",3
"Wood, Cherry",2
"Woodbury, George W.",3
"Woods, Ella",3
World Student Service Fund,13
Wrestling,91
Wrestling club,7
"Wunderlich, Dean",5
"Wurster, Marjorie",2
"Wyatt, Frank",7
Xi Sigma Pi,10
Y.M.C.A.,40
Y.W.C.A.,23
Y.W.C.A. Cabinet,4
Y.W.C.A. Council,2
"Yarber, Eric",3
"Yarno, John",2
Yellow Ribbon project,2
Yell team,27
"Yoder, Amos",4
"York, Ralph W.",2
"Yost, Geroge",2
You Can't Take It With You,3
"Youmans, Dave",3
"Young, Frank",9
"Young, Howard",4
"Young, Vernon A.",2
"Young, Walker R.",2
"Young, Wayne",3
Young Americans for Freedom,6
Young Democrats club,16
Young Republican's club,17
"Zakrajsek, Dorothy",3
"Zapp, Carol Ann",4
"Zeller, Robert",3
"Zenier, Kay",2
"Zentner, Si",6
"Zimmerman, Lee F.",3
"Zingale, Sammy",4
"Zinser, Elisabeth",12
